is_wc,home_elo,away_elo,elo_diff,home_form,away_form,form_diff,home_goals_avg,away_goals_avg,h2h_rate,h2h_matches,composure_diff,mentality_diff,squad_value_ratio,ca_diff,pace_diff,rank_diff,is_host,home_injured,away_injured,availability_diff,is_wc_match
-0.0014750677,0.0035897845,-0.085288145,-0.32641834,0.025730597,-0.0150468135,0.030166067,-0.024670875,-0.041059032,-0.04817973,-0.003944194,0.0,0.0,0.0,0.0,0.0,0.0,0.0,0.0,0.0,0.0,-0.0005191282
-0.0043109916,0.028109692,-0.0067486833,0.108288236,0.021089591,0.053714104,0.03376051,-0.002390401,0.029708521,0.034369025,0.024654733,0.0,0.0,0.0,0.0,0.0,0.0,0.0,0.0,0.0,0.0,-0.0005485603
-0.0039801053,-0.103313,-0.10133613,-0.18217531,-0.18345894,-0.022066345,-0.054028686,0.065321706,0.017325483,0.05531141,-0.039467435,0.0,0.0,0.0,0.0,0.0,0.0,0.0,0.0,0.0,0.0,-0.00039935278
-0.0035813681,-0.02727033,-0.016495895,0.22389838,0.0030720504,0.0036582246,0.029134372,-0.049116533,0.011934248,-0.046711214,-0.0031190838,0.0,0.0,0.0,0.0,0.0,0.0,0.0,0.0,0.0,0.0,-0.0011150303
-0.050126746,0.18509972,0.061445527,0.9423882,0.096785806,0.14467654,0.15729465,0.13696124,0.016573118,0.03400614,0.044010296,0.0,0.0,0.0,0.0,0.0,0.0,0.0,0.0,0.0,0.0,0.0029967173
0.01699587,-0.006191523,-0.057040688,0.41869628,-0.019548886,0.02449423,0.020892158,0.07034134,0.005762563,-0.007971082,-0.079573736,0.0,0.0,0.0,0.0,0.0,0.0,0.0,0.0,0.0,0.0,0.003183555
0.020169606,-0.008909764,0.04464766,0.10495687,0.038825314,-0.0078057656,0.04267809,-0.0041181413,-0.027655005,0.034745157,0.12860695,0.0,0.0,0.0,0.0,0.0,0.0,0.0,0.0,0.0,0.0,0.0026700294
-0.0078049405,-0.06637292,-0.045810286,0.19558583,0.00930682,-0.26996166,0.01954331,-0.036263715,-0.04605001,0.035371263,-0.020673538,0.0,0.0,0.0,0.0,0.0,0.0,0.0,0.0,0.0,0.0,-0.0019264712
-0.0013047081,0.020063994,-0.042551257,-0.18862501,-0.009822879,-0.08713366,0.043867934,0.010327215,-0.00270631,0.010773868,0.19795787,0.0,0.0,0.0,0.0,0.0,0.0,0.0,0.0,0.0,0.0,-0.00052427495
-0.002198484,-0.009712805,0.16796245,-0.16816819,0.052459847,0.0035352008,0.026799832,0.023891494,-0.033223186,0.05117904,0.063257106,0.0,0.0,0.0,0.0,0.0,0.0,0.0,0.0,0.0,0.0,-0.0018648753
0.018368764,-0.01911238,0.010873588,0.26108205,0.055378806,0.06140853,-0.0074806763,0.022170326,0.0323289,0.06822202,-0.0032312134,0.0,0.0,0.0,0.0,0.0,0.0,0.0,0.0,0.0,0.0,0.0020431608
0.0019317195,0.19336091,0.16685769,0.77252036,0.0599219,-0.0013704365,-0.015071933,-0.07805685,0.030779434,0.07365926,0.02816417,0.0,0.0,0.0,0.0,0.0,0.0,0.0,0.0,0.0,0.0,0.0017362854
-0.0033234525,-0.043241583,-0.034785613,-0.24152763,-0.007525598,-0.07878081,-0.14411922,-0.07186881,-0.05885728,-0.14607523,-0.118861094,0.0,0.0,0.0,0.0,0.0,0.0,0.0,0.0,0.0,0.0,-0.0015570428
-0.0015334757,0.06789446,-0.1018005,-0.20266004,0.033848938,0.14189799,0.0961373,0.017736487,0.0709397,0.08343493,-0.041948754,0.0,0.0,0.0,0.0,0.0,0.0,0.0,0.0,0.0,0.0,-0.0020396374
-0.0025598563,-0.059888594,-0.14324023,-0.3566507,0.03502237,0.0029508723,0.039376684,0.050073136,0.063194506,0.021197706,-0.081328444,0.0,0.0,0.0,0.0,0.0,0.0,0.0,0.0,0.0,0.0,-0.0043083006
0.00039930697,-0.026232012,0.14397982,-0.17000431,0.093749575,-0.025684476,0.011628116,-0.014588213,0.0523126,0.05579856,0.009571156,0.0,0.0,0.0,0.0,0.0,0.0,0.0,0.0,0.0,0.0,-0.00040701352
0.026302282,-0.032200113,-0.015647056,-0.21332146,-0.035967465,-0.016947392,0.038861975,-0.0059029274,-0.0042349254,-0.11085723,-0.08042857,0.0,0.0,0.0,0.0,0.0,0.0,0.0,0.0,0.0,0.0,0.00337516
0.015018556,0.00925785,0.022615697,0.19769542,0.05040746,0.05907191,0.06197885,-0.05200828,0.04293222,-0.09822834,-0.027293004,0.0,0.0,0.0,0.0,0.0,0.0,0.0,0.0,0.0,0.0,0.0060877497
-0.0060921637,-0.060217366,-0.15811154,0.037604455,0.03649693,-0.03714262,0.020772183,-0.051411543,0.010698481,-0.048718676,-0.019447263,0.0,0.0,0.0,0.0,0.0,0.0,0.0,0.0,0.0,0.0,-0.0051455745
-0.004499226,0.006535311,0.00748624,0.24677588,0.0053827967,-0.018975252,0.005002593,-0.11022089,-0.008345025,0.026424257,-0.062121578,0.0,0.0,0.0,0.0,0.0,0.0,0.0,0.0,0.0,0.0,-0.0025456226
-0.0040704403,-0.028792478,-0.025233787,0.24945967,-0.14006746,-0.42170033,0.016607579,-0.056565013,0.024816046,0.098663226,-0.04548487,0.0,0.0,0.0,0.0,0.0,0.0,0.0,0.0,0.0,0.0,-0.0017300016
-0.006999827,0.049870476,0.01782587,0.14504103,0.009225033,-0.0045532286,0.13775109,-0.022033595,0.008376091,-0.011307681,0.055695783,0.0,0.0,0.0,0.0,0.0,0.0,0.0,0.0,0.0,0.0,-0.0018155441
0.013300923,0.2607328,0.05172909,0.94908905,0.08916523,0.10514197,0.124059536,0.07556517,0.046168108,0.023356847,0.057790358,0.0,0.0,0.0,0.0,0.0,0.0,0.0,0.0,0.0,0.0,-0.00032271302
-0.005894222,-0.03967475,0.025266265,-0.22917289,0.043805625,-0.031371538,-0.06752167,-0.06731168,-0.015265963,0.07624053,-0.19625293,0.0,0.0,0.0,0.0,0.0,0.0,0.0,0.0,0.0,0.0,-0.0008272584
-0.0032274378,-0.11094176,-0.31465718,-0.23735116,-0.01656,-0.02125871,0.00040241104,-0.047461037,-0.092581965,0.0015445536,0.023938956,0.0,0.0,0.0,0.0,0.0,0.0,0.0,0.0,0.0,0.0,0.0006104622
-0.0060430616,0.1136527,0.08035483,0.12468236,0.09808815,0.046428233,0.056489125,-0.08818809,0.046480622,0.08006278,-0.042099576,0.0,0.0,0.0,0.0,0.0,0.0,0.0,0.0,0.0,0.0,-0.0033391407
0.027115142,0.019990688,-0.024147084,-0.22420907,0.060006592,-0.031880688,-0.10366909,-0.027970724,0.07213548,0.11222676,0.0479651,0.0,0.0,0.0,0.0,0.0,0.0,0.0,0.0,0.0,0.0,0.0036899466
0.016341977,-0.06872041,-0.18968798,0.27231336,-0.10067398,-0.02381111,0.085576616,-0.05566502,-0.0012495838,0.0015228251,0.0790816,0.0,0.0,0.0,0.0,0.0,0.0,0.0,0.0,0.0,0.0,0.0030779466
-0.0042124083,-0.07650819,-0.12907682,-0.19676962,-0.042147145,-0.098269984,-0.13273463,-0.05519721,-0.06959884,-0.101398565,-0.03049165,0.0,0.0,0.0,0.0,0.0,0.0,0.0,0.0,0.0,0.0,-0.00054727844
-0.004197167,0.1156426,0.22402717,0.3001782,0.056762595,0.038759433,0.121313915,-0.002759861,0.021151183,-0.0007181489,0.011879014,0.0,0.0,0.0,0.0,0.0,0.0,0.0,0.0,0.0,0.0,-0.0010646918
0.0133078145,0.015128447,-0.008176893,-0.17045105,-0.08953815,0.18883336,0.040553156,0.17454584,0.011409266,0.14948963,0.15317926,0.0,0.0,0.0,0.0,0.0,0.0,0.0,0.0,0.0,0.0,0.0083670905
0.028606113,0.06720804,-0.29947725,-0.26008368,-0.2177423,-0.16869006,0.08980058,-0.081297345,0.010933077,-0.1018236,0.20756611,0.0,0.0,0.0,0.0,0.0,0.0,0.0,0.0,0.0,0.0,0.0026732832
0.0051814467,0.07200805,0.30043784,0.6847992,-0.042505473,0.16370256,0.099939935,-0.03531948,0.032977242,0.039183583,0.056826867,0.0,0.0,0.0,0.0,0.0,0.0,0.0,0.0,0.0,0.0,0.0037447975
-0.004059938,0.07879773,-0.09683361,0.36864018,0.0050849025,0.06433562,-0.034909587,-0.095925495,0.025362583,0.04939218,-0.0056896224,0.0,0.0,0.0,0.0,0.0,0.0,0.0,0.0,0.0,0.0,0.0010362751
-0.002260104,0.08352845,-0.0033118753,-0.106389135,0.020973988,-0.10863987,0.015130749,0.1161567,-0.008496858,-0.060546577,-0.009337411,0.0,0.0,0.0,0.0,0.0,0.0,0.0,0.0,0.0,0.0,-0.00070595625
0.015267511,0.010333391,-0.08388577,-0.30623075,0.106151804,-0.065817565,0.09169753,-0.004782832,0.029404616,-0.05409058,-0.022605715,0.0,0.0,0.0,0.0,0.0,0.0,0.0,0.0,0.0,0.0,0.000923442
-0.0048973854,-0.028001798,-0.06981806,0.2655888,-0.15620689,-0.0424568,0.03456033,0.0947284,0.029987061,-0.103189394,-0.059744816,0.0,0.0,0.0,0.0,0.0,0.0,0.0,0.0,0.0,0.0,-0.00075131725
0.014455389,0.03499545,-0.0044863154,-0.048131768,0.035786584,-0.03206135,0.029792096,-0.04934372,0.014791307,0.044245727,-0.10222726,0.0,0.0,0.0,0.0,0.0,0.0,0.0,0.0,0.0,0.0,0.006866065
0.027452877,0.090663746,-0.08898976,-0.109441444,-0.08934898,-0.0020709734,0.06523114,-0.059953347,0.0024795847,0.04353072,0.115592755,0.0,0.0,0.0,0.0,0.0,0.0,0.0,0.0,0.0,0.0,0.0060462393
-0.0043454613,-0.10353153,-0.05513464,0.07039695,-0.1293801,0.044665188,0.01318188,0.045373607,-0.122187294,0.08684186,-0.012169175,0.0,0.0,0.0,0.0,0.0,0.0,0.0,0.0,0.0,0.0,-0.0005444147
0.026459439,-0.05791995,0.00094551337,-0.42373115,0.01968009,0.2813778,-0.065596774,-0.07290983,0.064516656,-0.019265857,0.13431546,0.0,0.0,0.0,0.0,0.0,0.0,0.0,0.0,0.0,0.0,0.0012512207
-0.0007742917,-0.06316657,-0.15805799,0.43879846,-0.05633239,0.035760093,-0.0030982792,-0.08705347,-0.013015429,0.02588063,-0.021450406,0.0,0.0,0.0,0.0,0.0,0.0,0.0,0.0,0.0,0.0,-0.00068798824
0.011528076,-0.008512832,-0.39209718,-0.61288315,-0.019468557,-0.14976461,0.044141117,-0.016555464,0.09084431,-0.01964764,-0.20792858,0.0,0.0,0.0,0.0,0.0,0.0,0.0,0.0,0.0,0.0,0.0032502075
0.038028616,-0.03271035,-0.077298865,-0.4162186,0.039892722,0.010218459,-0.10339691,-0.04176459,0.03580006,0.04788752,-0.14851305,0.0,0.0,0.0,0.0,0.0,0.0,0.0,0.0,0.0,0.0,0.006898322
-0.0015777686,-0.07035241,-0.3197153,-0.5343603,0.054654777,-0.03240806,-0.08142539,-0.029056394,0.03203042,-0.059084576,-0.17922667,0.0,0.0,0.0,0.0,0.0,0.0,0.0,0.0,0.0,0.0,-0.0005010693
0.043624166,0.020697284,0.34483334,0.5827294,-0.045399774,0.03209586,0.13976797,-0.053289313,-0.29447454,-0.044481196,0.07070953,0.0,0.0,0.0,0.0,0.0,0.0,0.0,0.0,0.0,0.0,0.0040739872
-0.0043601366,-0.029924644,-0.00742357,0.29936504,-0.048503436,-0.19550331,-0.052293405,-0.029438924,0.026313333,-0.07375043,0.0025504553,0.0,0.0,0.0,0.0,0.0,0.0,0.0,0.0,0.0,0.0,-0.00043218723
-0.0008074036,0.0011228181,-0.0032609259,0.29073036,-0.0781674,-0.07386351,-0.009360168,0.12140308,0.0036888442,-0.05815592,0.14967917,0.0,0.0,0.0,0.0,0.0,0.0,0.0,0.0,0.0,0.0,-0.0005646599
-0.0010789105,-0.052256398,0.086995356,-0.17061074,0.022896694,0.013170888,0.023558715,0.027576888,0.0016131751,-0.031684216,0.03737784,0.0,0.0,0.0,0.0,0.0,0.0,0.0,0.0,0.0,0.0,-0.00039972411
-0.0041369535,-0.09580353,-0.0025931061,0.24530493,0.005809702,-0.06585034,0.008653562,-0.061490957,-0.008231479,0.01911705,-0.014113009,0.0,0.0,0.0,0.0,0.0,0.0,0.0,0.0,0.0,0.0,-0.0022455396
0.025322253,0.15487736,0.46305424,-0.13802911,-0.0123024825,-0.016911892,0.038921215,0.17891593,0.028528396,0.05396986,0.28516918,0.0,0.0,0.0,0.0,0.0,0.0,0.0,0.0,0.0,0.0,0.0028810513
-0.0038646897,-0.0058321287,-0.0020417962,-0.18091607,0.05270029,-0.006171815,0.04597927,0.016185516,-0.036557943,0.09448888,-0.015607342,0.0,0.0,0.0,0.0,0.0,0.0,0.0,0.0,0.0,0.0,-0.001781449
0.013672191,-0.06776144,0.014378332,-0.36267567,0.0058854744,-0.12231852,0.0017694976,0.00074437854,-0.014669216,-0.07583139,0.2100359,0.0,0.0,0.0,0.0,0.0,0.0,0.0,0.0,0.0,0.0,0.0104655335
-0.0041328482,0.08441189,0.34440592,0.37915072,0.03288522,0.13106687,0.06756079,-0.04296202,0.055523958,0.068468355,-0.028468626,0.0,0.0,0.0,0.0,0.0,0.0,0.0,0.0,0.0,0.0,-0.00057421974
-0.0023560384,0.055271473,-0.04927692,-0.22579305,0.039547518,-0.05910867,0.062437404,-0.028162794,0.031106552,0.06140708,-0.10985341,0.0,0.0,0.0,0.0,0.0,0.0,0.0,0.0,0.0,0.0,-0.0005789764
-0.0068260087,0.028882734,0.41337663,0.53759485,0.10153806,0.35078496,0.1694253,0.048426736,-0.18235137,0.062558204,0.101600036,0.0,0.0,0.0,0.0,0.0,0.0,0.0,0.0,0.0,0.0,-0.000715157
-0.0026607898,-0.092837185,0.0153282,-0.40295735,0.06166624,-0.048121057,-0.09264798,0.030040383,0.022643158,0.16031499,0.029486937,0.0,0.0,0.0,0.0,0.0,0.0,0.0,0.0,0.0,0.0,-0.00039818088
-0.0037354515,-0.13681012,0.0075596604,-0.42434734,-0.013529842,-0.028552184,-0.07507685,-0.009231629,-0.063397795,-0.070355885,0.049351323,0.0,0.0,0.0,0.0,0.0,0.0,0.0,0.0,0.0,0.0,-0.00035478896
-0.003286668,0.023877861,-0.18390521,-0.13991076,0.0031917116,-0.02807924,0.041485712,-0.0021273426,0.016593253,-0.05270882,0.03473363,0.0,0.0,0.0,0.0,0.0,0.0,0.0,0.0,0.0,0.0,-0.00091214344
0.0048355325,0.16480353,-0.09081033,0.24544527,-0.022245897,0.16463976,0.014476115,-0.055833306,0.11694557,0.017129509,0.13553058,0.0,0.0,0.0,0.0,0.0,0.0,0.0,0.0,0.0,0.0,0.0018278726
-0.005972851,-0.039270334,0.10428661,-0.108694375,0.03731854,-0.14919627,-0.12771513,-0.041425128,-0.029854607,-0.1368437,-0.12772526,0.0,0.0,0.0,0.0,0.0,0.0,0.0,0.0,0.0,0.0,-0.00052038534
0.006230446,-0.018340599,0.007302218,-0.2378409,-0.2427859,-0.034661733,0.08415664,0.04645884,-0.007174,-0.1243747,0.0074891835,0.0,0.0,0.0,0.0,0.0,0.0,0.0,0.0,0.0,0.0,0.00087645464
-0.004743602,0.045327596,-0.09114801,-0.15022752,0.076030076,-0.020346854,-0.06397107,-0.05401311,0.02027921,0.0017603554,0.05373181,0.0,0.0,0.0,0.0,0.0,0.0,0.0,0.0,0.0,0.0,-0.0018791485
-0.0035318828,0.100052066,-0.15130763,-0.13844058,0.05263223,-0.018556017,0.038372114,0.021218218,0.013054008,0.0797323,0.005163151,0.0,0.0,0.0,0.0,0.0,0.0,0.0,0.0,0.0,0.0,0.0012319877
-0.0035212645,0.07632435,0.031734914,0.31877312,-0.023991518,-0.22174336,0.07785098,-0.06796239,-0.012457425,0.047287136,-0.2002466,0.0,0.0,0.0,0.0,0.0,0.0,0.0,0.0,0.0,0.0,-0.0054760654
-0.0029981802,-0.094876565,-0.07867217,-0.54137945,-0.058419365,0.070111774,0.066750504,0.011111842,0.039449558,-0.07012423,-0.14061593,0.0,0.0,0.0,0.0,0.0,0.0,0.0,0.0,0.0,0.0,-0.00017671588
0.0013934463,-0.027166335,-0.108254686,-1.0481474,-0.010892416,-0.15070271,-0.19264272,-0.015416381,0.030894838,0.06550767,-0.3328889,0.0,0.0,0.0,0.0,0.0,0.0,0.0,0.0,0.0,0.0,-0.0017875632
-0.018996404,0.0005172262,-0.026976237,0.4659676,0.022871485,0.022173021,0.11106731,0.06385109,-0.015597463,0.26799825,0.028085977,0.0,0.0,0.0,0.0,0.0,0.0,0.0,0.0,0.0,0.0,-0.0077353152
0.00710239,0.0363187,-0.11415692,-0.16812007,0.06769464,0.043469053,-0.012351237,0.015397553,0.057799887,-0.07384238,0.035050392,0.0,0.0,0.0,0.0,0.0,0.0,0.0,0.0,0.0,0.0,0.008167415
-0.004585579,0.006318026,0.1820297,0.32306203,0.05895736,-0.054792624,0.05262296,-0.03056688,0.005692922,0.022122946,-0.009011446,0.0,0.0,0.0,0.0,0.0,0.0,0.0,0.0,0.0,0.0,-0.00071466557
-0.0026361614,-0.06751903,-0.10457495,-0.4511804,-0.013472697,0.054458074,0.03837959,0.018791737,0.016505819,-0.074981384,0.050961565,0.0,0.0,0.0,0.0,0.0,0.0,0.0,0.0,0.0,0.0,-0.0010423547
-0.00084850984,0.035212636,0.16779363,0.6200895,-0.01857551,0.10645167,-0.13739415,0.14101993,0.05498752,0.044153545,-0.011856556,0.0,0.0,0.0,0.0,0.0,0.0,0.0,0.0,0.0,0.0,-0.00080084556
-0.001561686,-0.011639304,-0.2747417,-0.15192232,0.15132615,-0.12141081,0.08596301,-0.046328384,0.027236016,0.006160517,0.08415936,0.0,0.0,0.0,0.0,0.0,0.0,0.0,0.0,0.0,0.0,-0.00032061525
-0.0019868156,-0.051412567,0.12033502,-0.17965841,0.03152401,0.13810569,0.00087697635,0.14071687,-0.07845312,0.025700599,-0.070962906,0.0,0.0,0.0,0.0,0.0,0.0,0.0,0.0,0.0,0.0,-0.0019637
-0.0063714124,-0.14421573,-0.037723098,0.049376916,-0.0040867915,0.025151234,-0.055096712,-0.057957474,0.011178169,0.017005287,-0.056208946,0.0,0.0,0.0,0.0,0.0,0.0,0.0,0.0,0.0,0.0,-0.0003361666
-0.00430129,0.0046957424,0.008546732,0.16721351,0.043771207,-0.024770588,-0.06430642,0.020825762,0.0045470777,0.0315179,-0.03466737,0.0,0.0,0.0,0.0,0.0,0.0,0.0,0.0,0.0,0.0,-0.001959392
-0.0031972493,0.02732027,0.3066432,0.07543551,0.075181045,0.08458246,0.1010461,0.0038314457,0.01119106,0.051488753,0.011134882,0.0,0.0,0.0,0.0,0.0,0.0,0.0,0.0,0.0,0.0,-0.0006748678
-0.0070329662,-0.010756785,-0.093393065,0.0718538,-0.010432328,-0.021200737,-0.0067454125,-0.0706881,0.012550165,-0.055311967,0.04182871,0.0,0.0,0.0,0.0,0.0,0.0,0.0,0.0,0.0,0.0,-0.00050849497
0.019275783,0.07938661,0.26866198,-0.42644197,-0.07515935,-0.00629568,-0.039541934,-0.12566508,0.03996123,-0.01606698,0.30208483,0.0,0.0,0.0,0.0,0.0,0.0,0.0,0.0,0.0,0.0,-0.0016386182
-0.011475704,-0.048783474,-0.27639577,-0.6259484,-0.22345147,-0.06681649,-0.16972296,-0.02008069,0.007640851,-0.0022785591,-0.2865905,0.0,0.0,0.0,0.0,0.0,0.0,0.0,0.0,0.0,0.0,-0.0006645397
0.031081531,-0.0075327666,-0.04857612,-0.6804657,0.07943004,0.039251696,-0.09818483,-0.053558953,-0.0784714,0.1980054,-0.250276,0.0,0.0,0.0,0.0,0.0,0.0,0.0,0.0,0.0,0.0,0.007276602
-0.0029053607,0.019726446,0.1886158,0.35853136,0.052192938,0.16553144,0.059297748,-0.010323142,0.009351262,-0.00702045,-0.028186932,0.0,0.0,0.0,0.0,0.0,0.0,0.0,0.0,0.0,0.0,-0.0006693318
-0.0104198335,0.047989793,-0.024688266,0.35425168,0.12602767,-0.048370983,0.11750061,0.08503542,-0.008231542,-0.017779443,0.111816294,0.0,0.0,0.0,0.0,0.0,0.0,0.0,0.0,0.0,0.0,-0.0019882915
-0.005187929,0.023354663,0.08633056,0.4339327,0.054462668,-0.042909738,0.18745102,0.19456281,-0.003864799,0.050605476,-0.027412685,0.0,0.0,0.0,0.0,0.0,0.0,0.0,0.0,0.0,0.0,-0.00058053224
0.008831308,-0.036953077,0.17793506,-0.24748608,0.030148447,0.016010657,0.024416117,-0.05340802,0.054290313,0.080557436,-0.081071936,0.0,0.0,0.0,0.0,0.0,0.0,0.0,0.0,0.0,0.0,0.002231384
-0.0020614746,-0.046858735,-0.3478566,0.37666336,0.0142485285,-0.041113842,0.09828602,-0.0908584,-0.05973422,-0.16926353,0.03354281,0.0,0.0,0.0,0.0,0.0,0.0,0.0,0.0,0.0,0.0,-0.00033596955
-0.0049357074,-0.07272652,-0.14790653,-0.4129461,0.018935073,-0.14160495,0.049469754,0.035011217,-0.008789999,-0.021771416,0.21039344,0.0,0.0,0.0,0.0,0.0,0.0,0.0,0.0,0.0,0.0,-0.0020962064
-0.0026210218,-0.026721861,-0.29531375,-0.28751504,0.027402148,-0.044544693,0.0038676711,-0.07119707,-0.07747702,-0.053419802,-0.013920978,0.0,0.0,0.0,0.0,0.0,0.0,0.0,0.0,0.0,0.0,0.0007400425
-0.0024196121,0.043692295,-0.18308763,-0.24519151,-7.1105023e-06,-0.017314872,0.10862354,-0.021068852,-0.0033288416,0.0121770175,0.02650887,0.0,0.0,0.0,0.0,0.0,0.0,0.0,0.0,0.0,0.0,-0.0019008123
-0.0020457273,-0.025508422,0.038371854,0.33977902,0.08647186,0.0025341792,0.0028222778,0.14439659,-0.011884009,-0.020455807,0.012348053,0.0,0.0,0.0,0.0,0.0,0.0,0.0,0.0,0.0,0.0,-0.00059119565
-0.009008166,0.029793527,0.06753384,0.2552704,-0.01767763,-0.014433153,0.050847597,-0.10453009,0.017388366,0.13900211,-0.01363513,0.0,0.0,0.0,0.0,0.0,0.0,0.0,0.0,0.0,0.0,-0.0085792085
0.020947034,0.091735154,0.04727205,-0.4155308,0.13337849,0.06899424,0.11088622,0.008411399,0.002676774,0.039760124,-0.14316091,0.0,0.0,0.0,0.0,0.0,0.0,0.0,0.0,0.0,0.0,0.007874003
-0.0043499935,0.0022549634,-0.055619486,-0.05450011,0.051858798,-0.018907335,0.026118524,0.0074128183,0.03578066,0.082569614,-0.039477486,0.0,0.0,0.0,0.0,0.0,0.0,0.0,0.0,0.0,0.0,-0.0008983074
-0.0036008281,0.026552966,-0.054376133,0.3776957,-0.096282355,-0.02259183,0.028411988,0.012557849,0.024188641,-0.070216335,-0.057068475,0.0,0.0,0.0,0.0,0.0,0.0,0.0,0.0,0.0,0.0,-0.0007017202
-0.004390682,0.0950268,0.04429113,-0.1366998,0.013759861,0.064636484,0.055060998,0.016583277,0.01665455,0.10631944,-0.044837132,0.0,0.0,0.0,0.0,0.0,0.0,0.0,0.0,0.0,0.0,-0.0016028658
-0.002317687,-0.031030841,0.0037549266,0.44600108,0.029534366,0.064236775,0.034616966,-0.06446874,0.029821279,0.036109027,-0.04152718,0.0,0.0,0.0,0.0,0.0,0.0,0.0,0.0,0.0,0.0,-0.00046792586
-0.0008692487,0.07359475,-0.041446254,-0.1616142,-0.06829958,0.0019673007,-0.04284527,0.057482347,0.06995784,-0.07411977,0.03883503,0.0,0.0,0.0,0.0,0.0,0.0,0.0,0.0,0.0,0.0,-0.0044772835
-0.0011144936,-0.04442996,-0.29592723,-0.3203095,0.02256302,-0.025337638,0.029922081,-0.033008806,0.055957604,-0.05377737,-0.09739356,0.0,0.0,0.0,0.0,0.0,0.0,0.0,0.0,0.0,0.0,-0.0004184469
0.013400372,0.3086468,0.05765963,1.1113349,-0.038361832,0.10270903,0.16830212,0.035734933,-0.03870329,0.0630008,0.041178834,0.0,0.0,0.0,0.0,0.0,0.0,0.0,0.0,0.0,0.0,-0.00032725694
-0.0030526952,0.033271104,0.07441046,0.30739447,0.01797906,0.02692625,0.049202926,-0.010004486,0.0151817,-0.05329218,-0.024246806,0.0,0.0,0.0,0.0,0.0,0.0,0.0,0.0,0.0,0.0,-0.00032365235
0.011884283,0.11314234,0.14495301,-0.16402498,0.056802418,0.026962044,0.0886978,-0.095349744,-0.0040194965,0.029364489,0.028402872,0.0,0.0,0.0,0.0,0.0,0.0,0.0,0.0,0.0,0.0,-6.6895096e-05
-0.0035314958,0.013307764,-0.17349413,-0.49268723,0.013218267,-0.13859345,-0.057145525,0.010298842,0.039945826,-0.01920401,-0.007737321,0.0,0.0,0.0,0.0,0.0,0.0,0.0,0.0,0.0,0.0,-0.00075171987
-0.005020789,0.051206693,-0.08028847,-0.11757771,-0.0059364215,0.008389764,-0.09351447,-0.03161588,0.024021717,-0.009173299,0.07748283,0.0,0.0,0.0,0.0,0.0,0.0,0.0,0.0,0.0,0.0,-0.0005404265
-0.0041524544,-0.050835602,-0.041866113,-0.12443943,-0.0017197055,-0.032969214,-0.02004223,-0.0494606,0.0030073319,0.069156855,-0.016786076,0.0,0.0,0.0,0.0,0.0,0.0,0.0,0.0,0.0,0.0,-0.00030174787
-0.022276519,-0.011560469,0.13862137,0.58904815,-0.032760248,0.12452386,-0.06873888,0.10614806,0.028372908,0.18247569,0.02709245,0.0,0.0,0.0,0.0,0.0,0.0,0.0,0.0,0.0,0.0,-0.007985563
0.00039441275,0.017616225,-0.360105,-0.16722633,0.1792056,0.019895094,0.36097702,-0.0073009953,0.049278114,-0.00068900024,0.018120335,0.0,0.0,0.0,0.0,0.0,0.0,0.0,0.0,0.0,0.0,0.0016951588
-0.00022305954,0.35819256,0.021848002,0.5811016,-0.06096544,0.03180419,0.12382082,0.0903708,-0.021808479,-0.044342395,0.0065149255,0.0,0.0,0.0,0.0,0.0,0.0,0.0,0.0,0.0,0.0,-0.0005805787
-0.0022236288,-0.024182353,-0.15783742,-0.18973605,-0.020890202,-0.06084229,-0.029194662,-0.0043756785,0.015680933,-0.03605212,0.052838862,0.0,0.0,0.0,0.0,0.0,0.0,0.0,0.0,0.0,0.0,-0.0019634906
0.014439437,-0.0700949,-0.056997973,0.20869802,-0.013120432,0.14858164,0.06438669,-0.0051822504,-0.031936854,-0.012593766,0.00016953002,0.0,0.0,0.0,0.0,0.0,0.0,0.0,0.0,0.0,0.0,0.0027209793
-0.0039863763,0.06799129,0.19760263,0.4345335,0.14308633,0.10872253,-0.051989805,-0.01993534,0.0047281906,0.07085425,0.058143217,0.0,0.0,0.0,0.0,0.0,0.0,0.0,0.0,0.0,0.0,0.0011191907
-0.004961561,-0.057048876,0.061851047,-0.4380167,0.04015976,0.095439665,0.056699034,0.011691168,-0.029789375,-0.13040479,-0.020433325,0.0,0.0,0.0,0.0,0.0,0.0,0.0,0.0,0.0,0.0,0.0016089771
-0.002865634,-0.026723256,0.12796557,0.6991441,-0.13469991,-0.023943504,0.1606985,-0.04922588,0.0034827068,0.038307264,0.032385048,0.0,0.0,0.0,0.0,0.0,0.0,0.0,0.0,0.0,0.0,-0.0019203044
-0.009350121,-0.062593326,-0.012153602,-0.20669915,-0.053309325,-0.05863274,-0.037473135,-0.025020305,0.055432256,-0.04882822,0.026451115,0.0,0.0,0.0,0.0,0.0,0.0,0.0,0.0,0.0,0.0,-0.0005832726
0.018132018,-0.05310281,-0.20557454,0.108351134,-0.008995347,-0.018912822,-0.0354705,-0.02220232,0.050021905,-0.042352,-0.007782906,0.0,0.0,0.0,0.0,0.0,0.0,0.0,0.0,0.0,0.0,0.0013694516
-0.00028852673,-0.032065257,0.015865617,-0.24294324,-0.064943664,0.025833417,-0.27796394,0.012537007,-0.06020909,-0.13508606,-0.025769021,0.0,0.0,0.0,0.0,0.0,0.0,0.0,0.0,0.0,0.0,-0.00051712064
-0.0030264254,0.023638831,0.03700579,0.2193112,-0.045674253,0.07412146,-0.02576627,-0.023886092,0.018102057,0.054154795,0.017002096,0.0,0.0,0.0,0.0,0.0,0.0,0.0,0.0,0.0,0.0,-0.00038820313
-0.004960047,-0.01367071,0.082932554,-0.26529106,0.16605587,0.021013174,0.021951208,0.034960713,0.048397455,-0.0589187,0.16518876,0.0,0.0,0.0,0.0,0.0,0.0,0.0,0.0,0.0,0.0,-0.0005687889
-0.0027462502,-0.032850906,0.07860476,0.4095345,0.04550953,0.21059057,0.13273507,0.103068665,0.00015225887,0.04561205,-0.008583073,0.0,0.0,0.0,0.0,0.0,0.0,0.0,0.0,0.0,0.0,-0.0006753731
-0.0046533607,0.07195534,-0.107009254,0.25721157,0.007803032,-0.0274176,0.07394878,-0.09664129,-0.06429821,-0.01511448,-0.008538859,0.0,0.0,0.0,0.0,0.0,0.0,0.0,0.0,0.0,0.0,0.0018427183
0.013541493,-0.05281775,-0.0036821011,-0.06744882,0.026978835,0.003328664,-0.060206067,-0.015607135,0.01963453,0.012959964,0.022352844,0.0,0.0,0.0,0.0,0.0,0.0,0.0,0.0,0.0,0.0,0.010555319
-0.0053328034,0.029323328,-0.013151283,-0.17556944,0.015421471,-0.012051378,0.04174704,-0.038804386,-0.004355879,-0.019920824,0.09599012,0.0,0.0,0.0,0.0,0.0,0.0,0.0,0.0,0.0,0.0,-0.0006402309
-0.004495549,-0.012535801,-0.009029304,-0.16734105,0.042725947,0.006349707,0.039537307,-0.0017624975,0.010940822,0.061615545,0.14675626,0.0,0.0,0.0,0.0,0.0,0.0,0.0,0.0,0.0,0.0,-0.00064046675
-0.0023661023,0.02154674,-0.11260198,-0.16149665,0.07771644,0.028723812,-0.018719608,-0.025822433,0.05481145,0.10360442,0.048343245,0.0,0.0,0.0,0.0,0.0,0.0,0.0,0.0,0.0,0.0,-0.0017860961
-0.00021588666,0.034149643,0.070575334,0.66953754,0.002520169,0.16237882,0.080130905,-0.02468192,0.030545227,0.04280153,-0.02217922,0.0,0.0,0.0,0.0,0.0,0.0,0.0,0.0,0.0,0.0,-0.00073460693
0.0070975013,-0.04824785,0.010773067,-0.23712517,0.013113387,0.005991103,0.019171707,0.0040015494,0.019265579,-0.035508256,-0.043966968,0.0,0.0,0.0,0.0,0.0,0.0,0.0,0.0,0.0,0.0,0.008245943
-0.006795609,0.007523854,0.0018239152,-0.10175437,-0.1468048,-0.015279664,-0.055409607,-0.039898273,-0.03681944,0.07458489,0.036746092,0.0,0.0,0.0,0.0,0.0,0.0,0.0,0.0,0.0,0.0,-0.0021968326
0.013090182,0.053027608,-0.084040664,-0.38178352,-0.02204683,-0.27841988,-0.110834025,-0.07007303,0.009655195,-0.07528586,-0.083987564,0.0,0.0,0.0,0.0,0.0,0.0,0.0,0.0,0.0,0.0,-0.00043022627
-0.0029708035,-0.07092021,0.16698642,0.6681133,-0.17006776,0.0145915095,-0.38939616,0.062549,0.011037102,0.047383536,-0.060919084,0.0,0.0,0.0,0.0,0.0,0.0,0.0,0.0,0.0,0.0,0.0039570173
-0.0024387166,-0.062108066,-0.22756156,-0.13978106,-0.054385666,-0.018114192,0.035308283,-0.07333984,0.0015737484,0.0016289174,-0.006345422,0.0,0.0,0.0,0.0,0.0,0.0,0.0,0.0,0.0,0.0,-0.0007001544
-0.0059251636,0.012835227,0.1589886,0.51819724,0.04750083,0.020363677,0.16201623,0.111472204,0.04137863,-0.013679885,-0.017749175,0.0,0.0,0.0,0.0,0.0,0.0,0.0,0.0,0.0,0.0,-0.00075299764
-0.006666865,-0.0115349,0.26786694,0.35177472,0.02987338,-0.24063127,0.11605351,0.04174837,-0.42220524,-0.014888445,-0.03790489,0.0,0.0,0.0,0.0,0.0,0.0,0.0,0.0,0.0,0.0,-0.00047311294
0.018852444,0.07854507,-0.021664381,0.28688094,0.054895803,0.0008178654,0.04037385,-0.03265892,-0.00054230716,-0.032782715,0.0029850234,0.0,0.0,0.0,0.0,0.0,0.0,0.0,0.0,0.0,0.0,0.002846719
0.018165657,-0.033201028,0.07290175,-0.46607563,-0.06254522,-0.054885633,-0.036942426,-0.11918855,-0.12570867,-0.06554911,0.1591449,0.0,0.0,0.0,0.0,0.0,0.0,0.0,0.0,0.0,0.0,-0.018420355
0.008411366,0.007354522,0.06263341,0.61714387,0.005071349,-0.012851446,0.087017596,0.052250076,-0.022025557,-0.025396455,-0.01286185,0.0,0.0,0.0,0.0,0.0,0.0,0.0,0.0,0.0,0.0,0.0040982785
-0.005658522,0.09070447,-0.06488239,-0.519226,-0.046228565,0.0045201667,-0.3604139,0.0018945447,-0.06233412,-0.13251238,0.14547084,0.0,0.0,0.0,0.0,0.0,0.0,0.0,0.0,0.0,0.0,-0.00024655805
0.0017557307,-0.011417404,0.024847597,0.36549842,-0.060444865,0.040763408,-0.32365206,0.20374118,0.006514084,0.006146654,-0.039129607,0.0,0.0,0.0,0.0,0.0,0.0,0.0,0.0,0.0,0.0,-0.00067979225
-0.0035991392,-0.055448137,-0.14319646,-0.35949638,0.05097323,-0.003768629,0.07619926,-0.021224426,0.028042326,0.040267594,-0.10762573,0.0,0.0,0.0,0.0,0.0,0.0,0.0,0.0,0.0,0.0,-0.0019544044
0.01773131,0.040745758,0.023038153,-0.5410653,-0.13261835,-0.04357121,-0.24105974,-0.015389208,-0.09369017,-0.06449348,0.05433101,0.0,0.0,0.0,0.0,0.0,0.0,0.0,0.0,0.0,0.0,0.0006476661
-0.0004501488,-0.017648,-0.15677725,0.14748497,-0.015652332,-0.087573394,-0.053721577,-0.08900128,-0.0035939652,0.058554687,0.017622173,0.0,0.0,0.0,0.0,0.0,0.0,0.0,0.0,0.0,0.0,-0.0005589937
-0.00022014108,0.0060239923,0.08355282,-0.12840338,0.048770264,0.0055164313,0.13800292,0.040410135,-0.022921832,-0.073122546,0.097268246,0.0,0.0,0.0,0.0,0.0,0.0,0.0,0.0,0.0,0.0,-0.0003115454
-0.0011922632,-0.029791437,0.017996617,-0.15043795,0.02608464,0.0138208885,0.010354413,-0.040435977,0.03988482,-0.10093222,-0.08680978,0.0,0.0,0.0,0.0,0.0,0.0,0.0,0.0,0.0,0.0,-0.00019862656
-0.0085502975,0.13468602,-0.0062056696,0.41389143,-0.0033599075,0.19053142,-0.028867755,0.034442853,0.11056577,0.014852496,0.09594026,0.0,0.0,0.0,0.0,0.0,0.0,0.0,0.0,0.0,0.0,0.0028441232
0.0009815248,-0.08078415,0.060188774,-0.15918425,-0.1444894,0.09132899,-0.10290931,0.1405949,0.015149509,0.047331166,-0.041684367,0.0,0.0,0.0,0.0,0.0,0.0,0.0,0.0,0.0,0.0,0.000906463
0.0035065266,0.14168964,-0.03207719,0.5051501,-0.022088047,0.07583857,0.07295951,0.046231154,0.016442182,0.064912915,0.030126972,0.0,0.0,0.0,0.0,0.0,0.0,0.0,0.0,0.0,0.0,0.0049020755
0.0060024643,-0.15334582,-0.01923815,0.15350959,0.0044703083,-0.002355579,0.077742845,-0.06622089,0.019976689,0.0011300656,-0.024368957,0.0,0.0,0.0,0.0,0.0,0.0,0.0,0.0,0.0,0.0,0.0019963016
-0.0057997718,0.103533976,0.053744163,-0.17642747,0.03199713,0.12720363,0.0072424714,-0.031845048,0.02851568,0.0553171,-0.07156525,0.0,0.0,0.0,0.0,0.0,0.0,0.0,0.0,0.0,0.0,-0.002687844
0.025689324,0.12039162,0.0072108572,0.37616855,0.039756924,-0.061466403,-0.0122112725,0.23080698,0.092338994,-0.021337619,0.03526102,0.0,0.0,0.0,0.0,0.0,0.0,0.0,0.0,0.0,0.0,-0.001479907
-0.0016789468,0.0241103,0.06471866,-0.15939365,0.03204902,0.21050414,-0.115015715,-0.033693414,0.07026089,0.10116961,0.2224164,0.0,0.0,0.0,0.0,0.0,0.0,0.0,0.0,0.0,0.0,-0.00044696027
-0.0004575993,-0.04967498,-0.068731725,-0.472339,-0.036680922,-0.04493383,0.010612718,-0.02924286,0.013549803,-0.11076251,0.0024745213,0.0,0.0,0.0,0.0,0.0,0.0,0.0,0.0,0.0,0.0,-0.00010804324
-0.0031926257,-0.002236734,0.14041202,-0.009765909,-0.053598292,0.16211413,-0.015497601,0.17721039,0.0015930712,-0.059257846,-0.1087829,0.0,0.0,0.0,0.0,0.0,0.0,0.0,0.0,0.0,0.0,-0.00046789
0.01905113,0.013512144,-0.06809356,-0.19680895,0.096702114,0.032596827,-0.09656107,0.014924645,0.04293575,-0.09709495,0.048693363,0.0,0.0,0.0,0.0,0.0,0.0,0.0,0.0,0.0,0.0,0.001977527
0.0071434826,0.031237097,-0.21824387,-0.38736784,-0.121391356,0.025000175,-0.052716877,0.07269421,0.045538332,-0.07107705,0.02812241,0.0,0.0,0.0,0.0,0.0,0.0,0.0,0.0,0.0,0.0,5.6863348e-05
-0.003608223,0.013950199,0.15238288,0.46291086,0.04736477,0.0034452495,0.14904259,0.09425753,0.014212944,0.045987993,0.008744103,0.0,0.0,0.0,0.0,0.0,0.0,0.0,0.0,0.0,0.0,-0.00073305314
0.012651155,0.05665545,-0.20125748,-0.06310375,0.064035445,0.034443516,0.06942194,-0.04374141,0.040278673,0.027655499,-0.0044850563,0.0,0.0,0.0,0.0,0.0,0.0,0.0,0.0,0.0,0.0,0.010391209
0.00076555286,0.042944726,0.16445637,-0.14731736,0.07287063,0.12674737,0.091392085,-0.033376526,0.0025015206,-0.013737584,0.20433359,0.0,0.0,0.0,0.0,0.0,0.0,0.0,0.0,0.0,0.0,-0.00064225105
-0.0022840062,-0.06182508,-0.04286119,-0.43976757,-0.008811708,0.03259986,0.029731112,-0.02577895,-0.0058605406,-0.11028489,0.02029799,0.0,0.0,0.0,0.0,0.0,0.0,0.0,0.0,0.0,0.0,-0.0014899701
-0.0031875304,-0.02138549,-0.04540603,0.34446597,-0.10918737,-0.11818862,0.078383565,-0.06503371,0.025912449,-0.05338778,0.0080457525,0.0,0.0,0.0,0.0,0.0,0.0,0.0,0.0,0.0,0.0,-0.0003117657
0.0006295203,0.08786101,-0.2451194,0.12769109,0.009800438,-0.13137025,-0.0020218878,0.014408445,-0.009724363,-0.09729934,-0.02473954,0.0,0.0,0.0,0.0,0.0,0.0,0.0,0.0,0.0,0.0,0.0007937846
-0.00096467166,0.040361837,-0.113675795,-0.29918545,-0.13437459,-0.009147701,-0.006757954,0.026239019,0.03313947,-0.03931338,0.051301125,0.0,0.0,0.0,0.0,0.0,0.0,0.0,0.0,0.0,0.0,-0.0008030957
0.016365077,0.08173579,0.0389402,-0.077162094,0.042033996,-0.023432875,0.0108663915,0.08436308,0.016777353,0.059007518,0.043334786,0.0,0.0,0.0,0.0,0.0,0.0,0.0,0.0,0.0,0.0,0.0133259585
-0.0017719662,-0.063344315,0.18064862,-0.19330649,-0.039205678,0.046012193,0.1303454,0.08931059,0.0247155,0.033983506,-0.011038115,0.0,0.0,0.0,0.0,0.0,0.0,0.0,0.0,0.0,0.0,-0.00057957333
-0.005392819,-0.089195274,0.07150771,-0.24205977,-0.08346987,-0.041437317,-0.18363778,-0.0223786,-0.005865404,-0.094696306,-0.089722805,0.0,0.0,0.0,0.0,0.0,0.0,0.0,0.0,0.0,0.0,-0.00024117602
0.015402336,0.25242478,0.0070244977,0.29094476,-0.087137975,0.00985973,0.1364556,0.18657249,0.061943214,-0.046733003,-0.03623774,0.0,0.0,0.0,0.0,0.0,0.0,0.0,0.0,0.0,0.0,0.0024176177
-0.015312295,-0.061713584,0.007659469,-0.4318891,0.020730525,-0.11880993,-0.08097283,-0.0017556043,-0.16054389,-0.13240892,0.013455522,0.0,0.0,0.0,0.0,0.0,0.0,0.0,0.0,0.0,0.0,0.0067471066
-0.0059125107,-0.081062526,0.05766576,-0.19662744,-0.03033697,-0.04460119,-0.11716168,-0.00093108753,0.086916834,-0.089520514,0.029375361,0.0,0.0,0.0,0.0,0.0,0.0,0.0,0.0,0.0,0.0,-0.00062512216
-0.002217004,0.11064977,-0.00408253,-0.22350986,0.02296305,-0.03988212,-0.041857667,0.011931392,-0.0030431936,0.059835047,0.009051869,0.0,0.0,0.0,0.0,0.0,0.0,0.0,0.0,0.0,0.0,-0.0003746634
0.015415247,0.1900163,-0.043099802,0.8993908,0.08212391,0.06371419,0.11154347,-0.08852846,0.026555974,-0.065149136,0.076085456,0.0,0.0,0.0,0.0,0.0,0.0,0.0,0.0,0.0,0.0,0.0020979282
-0.0037760085,-0.037530866,-0.01723738,-0.2263177,0.017761251,0.0029179826,-0.10451329,-0.015409081,0.062635794,0.07306193,-0.13907894,0.0,0.0,0.0,0.0,0.0,0.0,0.0,0.0,0.0,0.0,-0.0020615184
-0.0036395143,-0.027088845,0.11352294,-0.12408285,-0.012826218,0.022966618,-0.10073239,-0.042503312,0.012757962,-0.094750494,-0.04647315,0.0,0.0,0.0,0.0,0.0,0.0,0.0,0.0,0.0,0.0,8.0572485e-05
-0.0014120593,-0.05084248,0.062779225,-0.16566136,0.038633008,-0.06420998,0.051981613,0.11504951,0.018884022,0.06747712,0.065758035,0.0,0.0,0.0,0.0,0.0,0.0,0.0,0.0,0.0,0.0,-0.0020879742
0.0014960488,0.034902837,0.149925,-0.20338129,0.0023745704,0.028962106,0.05928909,0.02061152,0.05359754,-0.06493843,0.020926189,0.0,0.0,0.0,0.0,0.0,0.0,0.0,0.0,0.0,0.0,-0.0017751588
-0.011676015,0.035450693,0.28293964,1.0633007,0.11995462,0.09390618,0.11261657,0.043064658,-0.15946832,0.2103105,-0.009919215,0.0,0.0,0.0,0.0,0.0,0.0,0.0,0.0,0.0,0.0,-0.0063174553
0.013135655,0.06701506,-0.03311556,0.49214765,-0.08831207,-0.033958927,0.10756208,0.090213634,-0.00639749,0.026847186,0.06841169,0.0,0.0,0.0,0.0,0.0,0.0,0.0,0.0,0.0,0.0,0.0029410913
0.049079567,0.27839017,0.030559527,0.61054903,-0.037229043,0.0928643,0.047831763,0.14544967,-0.0035883668,0.19647871,0.039601423,0.0,0.0,0.0,0.0,0.0,0.0,0.0,0.0,0.0,0.0,0.0403846
-0.00057019794,0.13720189,-0.013290284,-0.093429744,0.13497064,-0.051565025,0.14557888,0.12604631,-0.019697817,-0.09543142,-0.037705988,0.0,0.0,0.0,0.0,0.0,0.0,0.0,0.0,0.0,0.0,-0.00035985155
-0.001755423,0.09840519,-0.06768517,-0.08953945,0.04978983,0.08095349,0.05627721,-0.028719073,0.026495695,-0.02259215,0.021544576,0.0,0.0,0.0,0.0,0.0,0.0,0.0,0.0,0.0,0.0,-0.000591887
0.043184504,-0.044672377,0.013513507,0.28787717,0.09412053,-0.17320755,-0.022607725,0.054049123,0.030711,0.061031874,0.02744468,0.0,0.0,0.0,0.0,0.0,0.0,0.0,0.0,0.0,0.0,0.007124099
-0.0070774755,-0.031635974,0.007703645,-0.13181293,0.11423686,0.009638228,0.06733789,0.20978782,-0.021503624,0.24053034,-0.04262457,0.0,0.0,0.0,0.0,0.0,0.0,0.0,0.0,0.0,0.0,-0.0008798349
0.008939694,-0.03056958,-0.07918467,-0.0025068987,0.070802756,-0.11567252,0.03522235,-0.018103216,0.030394794,-0.040107735,0.011297072,0.0,0.0,0.0,0.0,0.0,0.0,0.0,0.0,0.0,0.0,0.002617455
-0.0022732213,-0.012228323,-0.017365169,0.35642076,0.022855204,-0.027168842,0.05739429,-0.024338573,0.009612102,-0.027189543,-0.017592357,0.0,0.0,0.0,0.0,0.0,0.0,0.0,0.0,0.0,0.0,-0.00035524077
-0.0032509256,0.014858662,-0.06419104,0.1425565,0.034678075,0.06450459,-0.032677315,-0.06324278,0.009468106,-0.109726556,-0.018358137,0.0,0.0,0.0,0.0,0.0,0.0,0.0,0.0,0.0,0.0,-0.00035900064
-0.0014080154,-0.012016272,-0.0040503535,-0.19631863,-0.030553184,0.13515598,0.048395026,0.02954209,0.0049829944,-0.06347154,-0.041962452,0.0,0.0,0.0,0.0,0.0,0.0,0.0,0.0,0.0,0.0,-0.0033536854
-0.0019669165,-0.041465707,-0.12463109,-0.26972568,-0.00379271,-0.092057034,-0.061054535,-0.048477948,0.012510793,-0.016849253,0.14161691,0.0,0.0,0.0,0.0,0.0,0.0,0.0,0.0,0.0,0.0,-0.0019634906
-0.0023869246,0.05999064,-0.031863477,-0.19960067,0.18384926,0.018909825,0.066714525,0.108563736,-0.018770814,0.07279585,-0.00710813,0.0,0.0,0.0,0.0,0.0,0.0,0.0,0.0,0.0,0.0,-0.00064884603
-0.0033285923,-0.07704756,-0.07740333,-0.37324885,-0.0040752166,-0.015989548,-0.024557143,-0.089320846,-0.052676227,0.04426223,0.04592256,0.0,0.0,0.0,0.0,0.0,0.0,0.0,0.0,0.0,0.0,-0.0021530353
-0.0016013499,-0.04193429,-0.43835753,-0.38439548,-0.13911135,-0.09116518,0.037691783,-0.026177702,-0.035268422,-0.12392239,0.005793036,0.0,0.0,0.0,0.0,0.0,0.0,0.0,0.0,0.0,0.0,0.0006496248
0.011531486,0.15036245,-0.05822255,0.5982714,0.011511611,0.06329414,0.06110578,0.051625703,0.022511527,0.09488441,-0.009867294,0.0,0.0,0.0,0.0,0.0,0.0,0.0,0.0,0.0,0.0,-0.0007482628
-0.0009827887,-0.005342137,0.17211239,0.66960156,-0.018571641,0.19468197,0.051675715,0.051434793,0.0052849166,0.014600488,0.04222038,0.0,0.0,0.0,0.0,0.0,0.0,0.0,0.0,0.0,0.0,-0.0007479765
0.015318917,-0.09571125,-0.23079872,-0.17228529,-0.23081206,-0.1714892,-0.023554506,0.06647877,-0.073359735,0.10744212,-0.02060406,0.0,0.0,0.0,0.0,0.0,0.0,0.0,0.0,0.0,0.0,0.0029347031
-0.005908366,-0.108193256,0.06927941,-0.20263219,0.08187482,0.03355308,-0.09191567,-0.04763061,-0.0035947827,-0.022500101,-0.04436634,0.0,0.0,0.0,0.0,0.0,0.0,0.0,0.0,0.0,0.0,-0.0004387914
-0.0044546733,0.10042372,-0.32702112,-0.0029998668,0.043158993,0.0115694525,0.020857528,-0.00094174093,-0.0076812524,-0.08860854,0.01584069,0.0,0.0,0.0,0.0,0.0,0.0,0.0,0.0,0.0,0.0,0.0008551292
0.02109024,-0.007232167,-0.012631183,0.17489049,0.0031178084,-0.0019293473,-0.07014431,0.005939453,0.014607229,0.054081425,0.056750488,0.0,0.0,0.0,0.0,0.0,0.0,0.0,0.0,0.0,0.0,0.00221223
-0.0046303566,-0.13001907,-0.056899447,-0.18542911,-0.30928385,-0.110685356,-0.008580318,0.05965205,-0.013227718,-0.07935896,-0.041276556,0.0,0.0,0.0,0.0,0.0,0.0,0.0,0.0,0.0,0.0,-0.00058256375
-0.06752392,0.05180758,0.10012752,-0.42682168,0.020527955,-0.111627065,-0.03036768,-0.068298176,-0.040629387,-0.01896547,0.07103939,0.0,0.0,0.0,0.0,0.0,0.0,0.0,0.0,0.0,0.0,0.0031525842
-0.0038339547,0.09472052,0.10633162,0.27057034,0.14827141,0.04501843,0.10086053,-0.028539058,0.050357286,-0.045940977,-0.008039691,0.0,0.0,0.0,0.0,0.0,0.0,0.0,0.0,0.0,0.0,-0.00070792355
-0.004897816,-0.019260915,-0.02194092,-0.14751148,0.11102198,-0.02918002,0.03745484,-0.017758971,0.028160984,-0.032909885,0.096141286,0.0,0.0,0.0,0.0,0.0,0.0,0.0,0.0,0.0,0.0,-0.0006086118
-0.0028188594,-0.008777067,0.17676972,0.31279558,0.0056589195,-0.0030166022,0.10896349,0.036632553,0.009515511,0.07183826,0.015716903,0.0,0.0,0.0,0.0,0.0,0.0,0.0,0.0,0.0,0.0,0.0042327745
0.0064774537,0.30541405,0.10412152,0.6791693,-0.09168958,-0.045111436,0.09607411,0.10557242,0.03741573,0.07888339,0.06511372,0.0,0.0,0.0,0.0,0.0,0.0,0.0,0.0,0.0,0.0,-0.0004785546
-0.00806747,-0.023029367,-0.04716645,0.117545515,-0.16547932,0.004352111,-0.011856077,0.010848498,0.013014355,0.01268401,0.065681756,0.0,0.0,0.0,0.0,0.0,0.0,0.0,0.0,0.0,0.0,-0.00088155747
-0.003925517,-0.0053933193,0.030905657,0.49449742,-0.17558603,-0.08910939,0.048437964,0.038875964,0.012271117,-0.0670587,-0.033844728,0.0,0.0,0.0,0.0,0.0,0.0,0.0,0.0,0.0,0.0,-0.0008443651
-0.0043074684,-0.104795754,-0.5228602,0.19149129,-0.0029109512,0.061619356,-0.018382346,0.015764618,-0.02451833,-0.010511448,-0.05297949,0.0,0.0,0.0,0.0,0.0,0.0,0.0,0.0,0.0,0.0,-0.00038967392
-0.003381547,0.019946419,0.1790516,0.5128696,-0.028201055,0.08492578,-0.00045208036,0.02335143,0.020407848,-0.06564684,-0.017397208,0.0,0.0,0.0,0.0,0.0,0.0,0.0,0.0,0.0,0.0,-0.0005689174
-0.0036963294,0.013086412,0.11714748,-0.24264236,-0.15495163,-0.060921684,-0.0005484534,-0.05240027,0.010495068,0.044919837,0.045118045,0.0,0.0,0.0,0.0,0.0,0.0,0.0,0.0,0.0,0.0,-0.0016862965
-0.0017142919,0.033201233,0.03386452,0.13274641,-0.0006363273,0.06782566,0.071617104,-0.09189471,-0.00480861,-0.058830176,0.015610997,0.0,0.0,0.0,0.0,0.0,0.0,0.0,0.0,0.0,0.0,0.001676792
-0.00030260484,0.08310758,-0.043457866,-0.029046556,0.04613738,0.06470266,-0.056871902,0.029167205,0.058933597,-0.058676794,0.042988658,0.0,0.0,0.0,0.0,0.0,0.0,0.0,0.0,0.0,0.0,-0.0006678678
0.010276076,-0.04051332,-0.1044763,-0.4736808,0.017564334,-0.09647767,0.019561637,-0.053944364,0.025130233,0.032080915,-0.19014771,0.0,0.0,0.0,0.0,0.0,0.0,0.0,0.0,0.0,0.0,0.0027980348
0.009236959,0.25506908,-0.04805927,0.6464204,-0.030472485,0.02385261,0.08038584,0.010557962,0.020263052,0.040077213,0.024404451,0.0,0.0,0.0,0.0,0.0,0.0,0.0,0.0,0.0,0.0,-0.0003260839
-0.019857872,0.1721541,-0.06262948,0.5873071,-0.0011721973,0.037872393,0.08852359,-0.04370275,0.02591387,0.030249085,0.037850533,0.0,0.0,0.0,0.0,0.0,0.0,0.0,0.0,0.0,0.0,-0.0012407191
0.027226694,0.012410864,-0.029068908,0.20737119,0.08245787,0.14827764,0.0706574,-0.013762379,0.04394895,0.020015283,-0.027307758,0.0,0.0,0.0,0.0,0.0,0.0,0.0,0.0,0.0,0.0,0.0023525856
-0.0041110683,-0.0017444324,-0.067577384,0.42632288,0.053409938,-0.034770116,0.058448706,0.020242177,0.013316878,-0.019190624,0.18831858,0.0,0.0,0.0,0.0,0.0,0.0,0.0,0.0,0.0,0.0,-0.0006660311
-0.0028920667,-0.060332034,0.047937132,-0.5442428,-0.051215366,-0.03013188,-0.4183598,-0.000411571,0.0104157105,-0.17401342,-0.14084718,0.0,0.0,0.0,0.0,0.0,0.0,0.0,0.0,0.0,0.0,-0.00046789
-0.0027773408,0.02470752,-0.03955118,-0.13439749,0.10291169,-0.017253578,0.09023291,0.121675394,0.006307724,-0.008193103,0.03659873,0.0,0.0,0.0,0.0,0.0,0.0,0.0,0.0,0.0,0.0,-0.0006795438
0.008413651,-0.14353034,-0.06346468,-0.27506262,0.11535622,0.28536388,0.26041868,-0.022323072,0.19469202,0.080972955,0.029705027,0.0,0.0,0.0,0.0,0.0,0.0,0.0,0.0,0.0,0.0,0.00096112874
0.00041391046,0.014744706,-0.119486146,-0.20859037,0.13414459,-0.009359358,0.06405342,-0.06882081,0.03087151,-0.07640402,-0.036155235,0.0,0.0,0.0,0.0,0.0,0.0,0.0,0.0,0.0,0.0,-0.0018947764
-0.0038615374,0.0332022,0.010409606,-0.17732605,0.044050507,0.013399463,0.037583373,-0.020973854,-0.020993337,0.07365886,0.009751236,0.0,0.0,0.0,0.0,0.0,0.0,0.0,0.0,0.0,0.0,-0.00063293526
-0.0019118121,-0.0076430393,-0.18856794,-0.27443358,0.023313317,-0.0039994717,0.0539855,-0.06245583,0.014160738,0.05272025,-0.009302156,0.0,0.0,0.0,0.0,0.0,0.0,0.0,0.0,0.0,0.0,-0.00042736385
0.015060231,-0.0453839,0.08716316,-0.173322,-0.0031738747,-0.11370604,-0.0853236,-0.031814855,-0.061184973,-0.13139829,-0.09771604,0.0,0.0,0.0,0.0,0.0,0.0,0.0,0.0,0.0,0.0,0.0059633283
-0.0025473926,-0.075442426,0.13158377,-0.19993633,0.059599575,-0.12708662,-0.22176029,-0.014011115,0.08237826,0.11552081,-0.2573739,0.0,0.0,0.0,0.0,0.0,0.0,0.0,0.0,0.0,0.0,-0.0008237438
-0.0025509743,0.07320979,0.19851913,0.4339451,0.04650068,0.113331065,0.16963063,0.12824371,0.045280468,0.08256541,0.11035317,0.0,0.0,0.0,0.0,0.0,0.0,0.0,0.0,0.0,0.0,-0.00067281676
-0.00381309,0.048719782,0.00022945511,-0.16709012,0.044207215,0.063405536,0.047452915,-0.027022319,0.015856978,0.072568074,0.13521793,0.0,0.0,0.0,0.0,0.0,0.0,0.0,0.0,0.0,0.0,-0.0005364578
-0.0033001306,-0.011210371,0.0010312562,-0.12788843,0.011239839,0.034134187,-0.0016723463,-0.042712353,0.021733811,-0.10829763,-0.046965294,0.0,0.0,0.0,0.0,0.0,0.0,0.0,0.0,0.0,0.0,-0.00010090454
0.0006652568,0.014296752,0.054066353,0.28423372,0.16782603,0.015246997,0.12764701,0.183996,0.27601776,0.083349735,0.009908505,0.0,0.0,0.0,0.0,0.0,0.0,0.0,0.0,0.0,0.0,-0.0005415564
0.0007067779,-0.0115949605,0.088331446,-0.14545958,0.07228653,0.173633,-0.01728288,0.049397726,0.075828604,-0.010194474,-0.0038188822,0.0,0.0,0.0,0.0,0.0,0.0,0.0,0.0,0.0,0.0,0.0014017903
-0.0036411113,-0.06420167,-0.018529518,0.12926923,0.0400071,0.0008960579,0.03987797,-0.032506336,0.0023627665,-0.057162136,0.021477623,0.0,0.0,0.0,0.0,0.0,0.0,0.0,0.0,0.0,0.0,-0.0009706063
-0.0059698317,0.021454014,-0.11079338,0.1532671,0.033582766,-0.08184069,0.066366345,0.036866464,0.028793367,0.014465503,0.020980686,0.0,0.0,0.0,0.0,0.0,0.0,0.0,0.0,0.0,0.0,-0.00226687
-0.004543592,-0.04211058,0.012327062,0.24133216,0.026707582,0.038636994,0.04578068,-0.05157377,0.023252644,0.08247837,-0.0055353027,0.0,0.0,0.0,0.0,0.0,0.0,0.0,0.0,0.0,0.0,-0.0022099297
-0.0047834446,0.2015573,0.099074684,0.6043282,-0.024113813,-0.0828766,0.019589597,0.15324056,-0.022608008,0.09330251,0.02293474,0.0,0.0,0.0,0.0,0.0,0.0,0.0,0.0,0.0,0.0,-0.00032518347
0.00049569877,0.024181142,0.084719785,-0.11962883,0.11893091,0.13528241,0.036102828,0.025223536,0.031112576,0.08433681,-0.011495143,0.0,0.0,0.0,0.0,0.0,0.0,0.0,0.0,0.0,0.0,-0.00034874154
-0.002516422,-0.060121495,-0.05591878,-0.32425112,-0.021832809,-0.07900989,-0.044725295,0.016015219,-0.043228295,-0.14537434,-0.12908053,0.0,0.0,0.0,0.0,0.0,0.0,0.0,0.0,0.0,0.0,0.00016416822
0.014299651,0.058194347,0.015608118,-0.11421949,0.06542622,0.0051337346,0.06591746,-0.03672837,0.017134724,-0.00031824975,-0.008621274,0.0,0.0,0.0,0.0,0.0,0.0,0.0,0.0,0.0,0.0,0.0025368233
-0.00629404,0.024214253,0.021501658,-0.20287791,0.03820209,-0.115685046,-0.11177667,-0.078742936,0.021880876,-0.06539011,0.0029691097,0.0,0.0,0.0,0.0,0.0,0.0,0.0,0.0,0.0,0.0,-0.0067597483
-0.0034496984,-0.00056656834,-0.07837043,-0.24124828,-0.050650388,-0.1734682,0.021226628,-0.047428142,0.013562731,0.01836873,0.017052634,0.0,0.0,0.0,0.0,0.0,0.0,0.0,0.0,0.0,0.0,-0.001741163
-0.0034436285,-0.05936539,0.029062962,-0.12226041,0.03901887,0.038845368,0.009223833,-0.053711466,-0.040157374,0.19279496,0.19229811,0.0,0.0,0.0,0.0,0.0,0.0,0.0,0.0,0.0,0.0,-0.001981913
-0.0072329356,0.018148901,0.06589475,-0.07759525,0.046512853,0.038037717,0.0056556333,-0.050031222,-0.15049893,-0.10094646,0.0070512006,0.0,0.0,0.0,0.0,0.0,0.0,0.0,0.0,0.0,0.0,0.0023321742
-0.0054051713,-0.077212214,0.08069415,-0.20969903,-0.023961648,-0.034416698,-0.16317475,0.036534663,-0.031582378,-0.058463324,0.02034661,0.0,0.0,0.0,0.0,0.0,0.0,0.0,0.0,0.0,0.0,-0.00066973205
-0.0018949026,-0.0031488405,0.21802403,-0.15401003,0.0611742,-0.023414452,0.13166666,-0.005481948,0.013962914,0.04290288,0.1490549,0.0,0.0,0.0,0.0,0.0,0.0,0.0,0.0,0.0,0.0,-0.00048649666
0.018583948,0.20293777,0.15565886,0.45158955,-0.021150824,0.079843245,0.12415153,0.010299241,-0.01750719,0.050622202,0.0028952397,0.0,0.0,0.0,0.0,0.0,0.0,0.0,0.0,0.0,0.0,0.002778956
0.014008616,0.10857984,-0.08909064,-0.226226,0.03994299,0.092495784,-0.10509866,0.044257667,-0.08706501,-0.04001219,-0.15068676,0.0,0.0,0.0,0.0,0.0,0.0,0.0,0.0,0.0,0.0,0.000806347
0.021211104,0.06144284,0.029261118,-0.39433706,0.11212899,0.1230003,0.03218301,-0.005631528,0.05096987,-0.10647294,0.040401105,0.0,0.0,0.0,0.0,0.0,0.0,0.0,0.0,0.0,0.0,0.001319069
-0.003050392,0.01168867,0.11127345,-0.42124432,0.014023879,0.088531636,-0.0030045551,-0.035086248,-0.04949964,-0.067541,0.017539497,0.0,0.0,0.0,0.0,0.0,0.0,0.0,0.0,0.0,0.0,-0.00053762755
-0.0010248323,-0.037959732,-0.16261247,0.42041063,-0.1702544,-0.026461262,-0.08671242,0.05757792,-0.0067761387,-0.08263602,-0.08851115,0.0,0.0,0.0,0.0,0.0,0.0,0.0,0.0,0.0,0.0,-0.0007997083
-0.0021659539,0.047540683,0.068688184,-0.0041769585,-0.005286704,0.14891766,0.012224438,0.06149174,-0.025633201,-0.02188753,0.026467105,0.0,0.0,0.0,0.0,0.0,0.0,0.0,0.0,0.0,0.0,-0.00056367187
0.016188225,0.16456643,0.042764645,0.9567493,0.01081273,0.10543457,0.121225104,0.041005008,0.02264172,0.06481794,0.008313184,0.0,0.0,0.0,0.0,0.0,0.0,0.0,0.0,0.0,0.0,-0.00032759606
-0.018580653,0.0020303375,-0.014524553,0.49666035,-0.0982208,0.0319008,0.07413829,0.038929865,-0.024238858,0.1828274,-0.0102658495,0.0,0.0,0.0,0.0,0.0,0.0,0.0,0.0,0.0,0.0,-0.008892664
-0.00065979385,-0.05931778,-0.0192415,0.5880306,-0.05892938,0.0572529,0.035085306,-0.10917537,0.013249009,0.02379253,0.059621345,0.0,0.0,0.0,0.0,0.0,0.0,0.0,0.0,0.0,0.0,0.014925646
-0.0060657407,-0.11324456,0.029662205,-0.111398965,-0.15914334,-0.0072868876,0.024751458,-0.008241931,0.042591512,-0.0038964278,0.01423553,0.0,0.0,0.0,0.0,0.0,0.0,0.0,0.0,0.0,0.0,-0.0005958965
-0.0039435215,0.2157519,-0.018089963,0.3167258,-0.07433568,0.026954213,0.054473434,-0.098581195,0.034880172,0.031363826,0.032004118,0.0,0.0,0.0,0.0,0.0,0.0,0.0,0.0,0.0,0.0,0.0017644304
-0.0021399148,-0.043936554,0.16329429,-0.064871885,0.069945596,0.02821228,0.047648247,0.014063487,0.004857497,0.011637838,0.08184426,0.0,0.0,0.0,0.0,0.0,0.0,0.0,0.0,0.0,0.0,-0.0023239
0.015906615,-0.10489351,-0.109333634,0.33084282,0.009540792,0.056895375,0.07546225,-0.06970499,0.02875575,0.0052951337,0.07874568,0.0,0.0,0.0,0.0,0.0,0.0,0.0,0.0,0.0,0.0,0.0020667487
-0.00362852,0.012780776,-0.139936,-0.38391292,0.0422919,-0.01396936,-0.061812103,-0.11191161,0.04589406,-0.022827689,-0.17427237,0.0,0.0,0.0,0.0,0.0,0.0,0.0,0.0,0.0,0.0,-0.0004576209
0.003701644,0.16685379,-0.083913356,0.07266242,-0.0119569395,-0.024285704,0.06878735,-0.021852685,0.14273293,0.07296853,0.022198126,0.0,0.0,0.0,0.0,0.0,0.0,0.0,0.0,0.0,0.0,0.0028995392
0.010579084,-0.025404833,-0.09804006,-0.51084125,0.03869824,-0.050772075,-0.10518822,-0.041400164,-0.07632996,-0.08729382,0.06898927,0.0,0.0,0.0,0.0,0.0,0.0,0.0,0.0,0.0,0.0,0.006697537
-0.0062740133,0.24332827,0.03270812,0.4063605,-0.059712633,-0.016247796,0.10430177,0.16935942,0.006333684,0.046359103,-0.07108634,0.0,0.0,0.0,0.0,0.0,0.0,0.0,0.0,0.0,0.0,0.0027555488
0.016813757,-0.033361066,-0.028498458,0.44267428,-0.17380564,0.0055273655,-0.00053770986,0.07262053,0.04712578,-0.08751151,-0.045830254,0.0,0.0,0.0,0.0,0.0,0.0,0.0,0.0,0.0,0.0,0.0022750453
0.0008495968,-0.07040312,0.1564571,-0.44934306,0.07026421,0.0040020067,-0.08904419,0.012267793,-0.13927576,-0.10094726,0.09047561,0.0,0.0,0.0,0.0,0.0,0.0,0.0,0.0,0.0,0.0,-0.0004150117
-0.0035131276,0.012774657,0.015143288,0.5592719,-0.04540549,-0.06946436,-0.029139347,-0.05883187,0.019041155,0.004187656,0.061802562,0.0,0.0,0.0,0.0,0.0,0.0,0.0,0.0,0.0,0.0,-0.0017063057
-0.013427096,0.107625656,-0.1043412,0.44926378,0.039039586,-0.0067779343,0.105186716,-0.10004056,0.059628773,0.26066154,0.012026237,0.0,0.0,0.0,0.0,0.0,0.0,0.0,0.0,0.0,0.0,-0.006237844
-0.008847769,0.12329314,-0.16856746,0.32590136,0.029484117,0.017731505,0.06533042,0.0015338196,0.030343626,0.12902516,0.024804851,0.0,0.0,0.0,0.0,0.0,0.0,0.0,0.0,0.0,0.0,0.0022187384
-0.016592743,0.1467111,-0.14992075,0.480824,0.027542716,0.017361408,0.012155229,0.14327718,-0.0072639203,0.01882826,-0.017158048,0.0,0.0,0.0,0.0,0.0,0.0,0.0,0.0,0.0,0.0,0.003058404
-0.004046648,0.020610258,-0.022956116,-0.24258208,-0.0005338387,0.11897884,0.06496009,-0.0026241937,0.035258405,0.19920127,-0.021664461,0.0,0.0,0.0,0.0,0.0,0.0,0.0,0.0,0.0,0.0,-0.003066933
-0.0031569689,-0.03527505,-0.10690953,-0.15587868,0.069522545,0.11095393,0.014193825,-0.007966909,0.017048039,0.094186924,0.04618715,0.0,0.0,0.0,0.0,0.0,0.0,0.0,0.0,0.0,0.0,-0.00054639054
0.014730855,-0.0380488,0.12247373,-0.16966505,0.01444072,0.026239334,0.08027612,-0.054430127,0.07064009,-0.095904194,0.0022994056,0.0,0.0,0.0,0.0,0.0,0.0,0.0,0.0,0.0,0.0,0.0059156637
0.0013188941,-0.07819122,0.018599415,-0.45462415,-0.0040862714,-0.07378095,0.021557545,-0.041527852,-0.04886861,-0.111810505,0.1828865,0.0,0.0,0.0,0.0,0.0,0.0,0.0,0.0,0.0,0.0,-0.0016064956
-0.0032382105,-0.03349638,-0.0009115642,-0.13704301,0.052250598,-0.05391721,-0.10244237,-0.07664939,-0.110668406,-0.010048869,0.016355628,0.0,0.0,0.0,0.0,0.0,0.0,0.0,0.0,0.0,0.0,-0.00047183066
0.021072563,0.058711004,-0.19142592,-0.38633946,0.20161352,-0.02537903,0.021262707,0.05056852,0.036645506,0.028142845,0.30800557,0.0,0.0,0.0,0.0,0.0,0.0,0.0,0.0,0.0,0.0,0.0063321996
-0.0021005773,-0.033765215,0.23735043,0.06949233,-0.06556635,0.06718189,-0.03502141,-0.061515056,0.013781689,-0.06283187,-0.014433056,0.0,0.0,0.0,0.0,0.0,0.0,0.0,0.0,0.0,0.0,0.0014631543
-0.0037582323,-0.03684599,-0.057622056,-0.114619516,0.049615424,-0.015441765,0.03820518,-0.023417046,-0.03891089,0.08341215,0.00050955976,0.0,0.0,0.0,0.0,0.0,0.0,0.0,0.0,0.0,0.0,-0.0016178724
-0.0017186337,-0.01827817,-0.19995959,-0.21035945,0.056416497,-0.15422142,0.018166838,-0.033429157,0.03170665,-0.07746515,0.036504887,0.0,0.0,0.0,0.0,0.0,0.0,0.0,0.0,0.0,0.0,0.00054035423
-0.003922927,0.04831466,0.051659714,0.36057508,0.044636283,0.032632526,0.044522602,-0.05601838,0.034183636,0.036904573,0.032813054,0.0,0.0,0.0,0.0,0.0,0.0,0.0,0.0,0.0,0.0,0.0012086334
-0.0033843853,-0.03480053,-0.047048416,-0.12071762,0.037341475,0.029255178,-0.02577772,-0.021787183,0.04444209,0.035137262,-0.07898602,0.0,0.0,0.0,0.0,0.0,0.0,0.0,0.0,0.0,0.0,-0.0031926262
-0.0052615907,0.0061456393,0.10434241,0.35938713,0.03183349,-0.08141468,0.04654668,-0.06478447,0.03594099,-0.068294376,0.003410258,0.0,0.0,0.0,0.0,0.0,0.0,0.0,0.0,0.0,0.0,-0.00059482927
0.0046590534,0.022583302,-0.09533328,-0.27024087,0.01995895,-0.022773014,-0.019013453,-0.07286278,-0.06034728,-0.03218943,-0.10513654,0.0,0.0,0.0,0.0,0.0,0.0,0.0,0.0,0.0,0.0,-0.0002830099
0.01977937,-0.0071459753,-0.079142585,0.41992015,-0.027248973,-0.08753045,0.0023550657,-0.04265908,0.01052546,-0.07288877,-0.009437433,0.0,0.0,0.0,0.0,0.0,0.0,0.0,0.0,0.0,0.0,0.002607042
-0.0032604968,-0.0018579568,0.030218435,0.3671048,-0.15497307,-0.19000573,0.056240335,0.05677212,0.015269525,0.054422382,-0.043927863,0.0,0.0,0.0,0.0,0.0,0.0,0.0,0.0,0.0,0.0,-0.0006297567
0.0025731297,0.014052149,0.012130114,0.62553835,-0.04137919,0.11844553,0.083283424,0.06198089,0.028886823,0.021060007,0.082701325,0.0,0.0,0.0,0.0,0.0,0.0,0.0,0.0,0.0,0.0,-0.00073150214
-0.0040545594,0.07602869,0.193258,0.40651342,0.054287136,0.110343896,0.08722164,0.12047448,0.02389288,-0.00727322,0.008754066,0.0,0.0,0.0,0.0,0.0,0.0,0.0,0.0,0.0,0.0,-0.00071511866
0.0006472586,0.033342686,0.19686976,-0.21376388,-0.14174174,0.08455324,0.16137575,0.031863425,0.036386423,-0.07208925,0.018560506,0.0,0.0,0.0,0.0,0.0,0.0,0.0,0.0,0.0,0.0,-0.00089326705
-0.0012605716,-0.0776749,-0.059817757,-0.22614753,-0.05522796,0.0037638713,0.007193137,-0.028681502,0.018131105,-0.054181613,-0.012586477,0.0,0.0,0.0,0.0,0.0,0.0,0.0,0.0,0.0,0.0,-0.00057131227
0.009289796,0.13301858,-0.2155783,-0.16463043,-0.20067842,-0.0952823,-0.1259973,0.09846015,-0.10440537,-0.18956879,-0.04667606,0.0,0.0,0.0,0.0,0.0,0.0,0.0,0.0,0.0,0.0,-0.0027040623
-8.0002195e-05,0.16995835,-0.018810593,0.29911375,-0.119864546,-0.044280313,0.077227354,0.2516297,-0.015800161,-0.049776208,-0.004928852,0.0,0.0,0.0,0.0,0.0,0.0,0.0,0.0,0.0,0.0,-0.0003040282
-0.05716689,0.007704905,0.17723449,-0.63577753,-0.00055771746,-0.021760877,-0.05578781,0.044553008,0.024111748,-0.077642485,0.34262338,0.0,0.0,0.0,0.0,0.0,0.0,0.0,0.0,0.0,0.0,0.0013891781
-0.0023346199,-0.049061507,0.16812043,-0.0684941,0.016354838,0.023559982,0.13718295,0.31430498,0.041021846,0.023854421,-0.12920766,0.0,0.0,0.0,0.0,0.0,0.0,0.0,0.0,0.0,0.0,-0.0020283873
-0.0021845107,-0.03254403,-0.06660049,-0.1314575,0.03200293,-0.013619791,0.017255448,0.03138212,0.0028544932,0.051642165,0.1567303,0.0,0.0,0.0,0.0,0.0,0.0,0.0,0.0,0.0,0.0,-0.00068044226
-0.0055139945,0.05386776,-0.069303036,0.61564755,-0.0005526866,0.20252599,0.11484132,0.16891576,-0.014432244,-0.0019281188,-0.014453696,0.0,0.0,0.0,0.0,0.0,0.0,0.0,0.0,0.0,0.0,0.010246288
0.018083332,-0.07768291,-0.06711778,-0.24203263,0.08204557,0.0039764848,-0.09866204,-0.00069234456,0.030534867,-0.009882394,0.029554851,0.0,0.0,0.0,0.0,0.0,0.0,0.0,0.0,0.0,0.0,0.003384871
-0.005389034,-0.059600275,0.07441995,-0.55161834,-0.0014217934,0.06508252,0.0059867706,-0.013968335,0.015125284,0.054822993,-0.24797234,0.0,0.0,0.0,0.0,0.0,0.0,0.0,0.0,0.0,0.0,-0.00081773824
-0.0030577534,-0.08416394,-0.11923087,-0.17172274,-0.019972429,0.010192251,0.083380945,-0.07202909,0.030811302,0.055775445,0.05352771,0.0,0.0,0.0,0.0,0.0,0.0,0.0,0.0,0.0,0.0,-0.0017016099
0.013973487,0.008603059,-0.06922903,0.4227882,0.032844312,0.004270957,0.072524965,-0.12483798,0.009655676,-0.00406707,-0.07152471,0.0,0.0,0.0,0.0,0.0,0.0,0.0,0.0,0.0,0.0,0.006634268
-0.0047634207,-0.046189386,0.02706846,-0.23570237,-0.010335024,-0.069033645,0.031816456,-0.012556657,-0.015039171,-0.10835349,-0.08925795,0.0,0.0,0.0,0.0,0.0,0.0,0.0,0.0,0.0,0.0,-0.00023728416
-0.011471499,-0.036166545,0.07078685,0.23594959,-0.008952496,0.030202208,0.007194031,-0.084551595,-0.012004426,0.14171538,-0.0053361217,0.0,0.0,0.0,0.0,0.0,0.0,0.0,0.0,0.0,0.0,-0.00675283
-0.004180697,0.018744208,0.04346256,0.38006547,0.026776005,0.071541905,0.0865241,0.048125297,0.00816393,0.030441033,0.052871373,0.0,0.0,0.0,0.0,0.0,0.0,0.0,0.0,0.0,0.0,-0.0026622913
0.011935467,0.011566768,-0.1893648,-0.1579155,0.044332962,-0.0027306206,0.0042558317,-0.014012769,-0.065297544,-0.012514496,0.03246242,0.0,0.0,0.0,0.0,0.0,0.0,0.0,0.0,0.0,0.0,0.0036925536
0.06393659,0.041629847,-0.08073841,0.6059463,0.0033858612,0.0072999746,0.040096663,0.023660934,0.047939595,0.3486836,0.03648032,0.0,0.0,0.0,0.0,0.0,0.0,0.0,0.0,0.0,0.0,0.032694176
-0.0037726185,0.059940204,0.020323308,0.13055736,-2.3620843e-05,0.017122675,0.09315273,-0.076377444,0.005706134,-0.06463872,0.009032127,0.0,0.0,0.0,0.0,0.0,0.0,0.0,0.0,0.0,0.0,-0.00015261011
-0.0032834962,0.054434683,0.06442836,0.09182325,-0.034381196,0.013113128,0.045895208,-0.015212861,0.03825633,-0.053756174,0.009947352,0.0,0.0,0.0,0.0,0.0,0.0,0.0,0.0,0.0,0.0,-0.0005260112
-0.0037423298,-0.020094834,0.007078452,-0.24807726,-0.017534124,-0.028014721,0.0029197743,-0.02360764,0.09136524,0.075190745,-0.10699934,0.0,0.0,0.0,0.0,0.0,0.0,0.0,0.0,0.0,0.0,-0.0017718017
-0.0012024398,-0.047728524,-0.33489922,-0.4606653,0.11129999,-0.012282568,0.057106186,-0.031164803,-0.04603104,-0.03458036,0.12464269,0.0,0.0,0.0,0.0,0.0,0.0,0.0,0.0,0.0,0.0,0.0031682972
-0.0021361143,0.023770029,0.07913321,0.4454117,0.013370028,0.077680826,0.09866423,0.066275276,0.016912533,-0.024531536,0.07803273,0.0,0.0,0.0,0.0,0.0,0.0,0.0,0.0,0.0,0.0,6.347269e-05
-0.0010516113,-0.104928315,0.054317705,-0.44713828,0.030697247,-0.13985471,-0.14374815,-0.036998786,-0.18083626,0.1673745,-0.26496187,0.0,0.0,0.0,0.0,0.0,0.0,0.0,0.0,0.0,0.0,-0.001234725
0.00079604355,0.14216915,-0.095024124,0.3277223,-0.0015558773,0.14147963,0.068675466,-0.12012343,0.1035658,0.080753475,-0.023982367,0.0,0.0,0.0,0.0,0.0,0.0,0.0,0.0,0.0,0.0,0.002819425
-0.0031642946,0.05294244,-0.04733946,-0.26004446,-0.0052722264,0.036800634,-0.035174944,-0.056190483,0.008135092,-0.02806309,-0.028059725,0.0,0.0,0.0,0.0,0.0,0.0,0.0,0.0,0.0,0.0,-0.0004796618
0.0271218,0.13213609,0.11317514,0.29134524,0.08314241,0.053725224,0.056054834,-0.037313566,-0.0009173027,0.030649029,-0.025393452,0.0,0.0,0.0,0.0,0.0,0.0,0.0,0.0,0.0,0.0,0.0074584885
0.0098309,0.024350652,-0.056722164,-0.14228033,0.034989674,0.032587256,0.04071607,-0.004607844,0.057821706,-0.054836903,-0.0076707792,0.0,0.0,0.0,0.0,0.0,0.0,0.0,0.0,0.0,0.0,0.003956866
-0.008317389,0.1699044,0.01308132,0.38763276,-0.05301137,0.033318456,0.090940826,-0.06960553,0.010552777,0.037989892,-6.0822982e-05,0.0,0.0,0.0,0.0,0.0,0.0,0.0,0.0,0.0,0.0,-0.0006824527
0.014963719,0.027585212,-0.021405438,-0.42656302,-0.05641437,-0.09008845,-0.003482546,0.06969914,-0.020647839,-0.086348385,0.106698215,0.0,0.0,0.0,0.0,0.0,0.0,0.0,0.0,0.0,0.0,0.0032050137
0.0045342366,-0.086452916,-0.10431643,0.42301187,-0.028715845,0.009207972,-0.12347694,-0.09870558,0.018062834,-0.022016697,-0.10076164,0.0,0.0,0.0,0.0,0.0,0.0,0.0,0.0,0.0,0.0,0.0100105805
0.012337283,-0.05127094,-0.09040403,-0.22814499,-0.120854616,-0.11787538,-0.0729786,-0.028935881,0.0010156239,-0.07249524,-0.024587825,0.0,0.0,0.0,0.0,0.0,0.0,0.0,0.0,0.0,0.0,0.006946769
-0.0049567204,-0.0008419406,-0.06462476,-0.5054714,-0.06249369,-0.10917583,-0.14055783,-0.02853665,-0.030035896,0.06268023,-0.22238311,0.0,0.0,0.0,0.0,0.0,0.0,0.0,0.0,0.0,0.0,-0.0009176784
-0.0013332474,0.026035765,-0.08727712,0.43496528,-0.08006775,-0.054283276,0.017079506,-0.092550136,0.019900514,0.016812202,-0.018515442,0.0,0.0,0.0,0.0,0.0,0.0,0.0,0.0,0.0,0.0,0.0016986281
0.020340344,0.06588729,-0.029960498,-0.39782333,-0.07856821,0.12830228,-0.028777331,0.037651576,0.05992523,-0.08336769,-0.08353972,0.0,0.0,0.0,0.0,0.0,0.0,0.0,0.0,0.0,0.0,0.002115079
-0.0013510244,-0.050707716,0.093140915,-0.1671658,0.023075365,-0.016853752,-0.017299525,0.026774658,-0.0005553202,0.06000651,-0.07023463,0.0,0.0,0.0,0.0,0.0,0.0,0.0,0.0,0.0,0.0,-0.00019834706
-0.030686392,0.2846511,0.06786716,0.88735896,-0.061766688,-0.05758422,0.15907261,0.07751021,0.0080405995,0.04144926,0.06190418,0.0,0.0,0.0,0.0,0.0,0.0,0.0,0.0,0.0,0.0,0.0041655204
0.0073969956,0.03182145,-0.005565848,0.2857034,0.16957784,-0.06984573,0.08020194,0.18078063,0.014617976,-0.040310185,-0.019475514,0.0,0.0,0.0,0.0,0.0,0.0,0.0,0.0,0.0,0.0,0.0016833601
-0.0033898586,0.21599348,0.2278648,0.4661307,0.050480213,0.0106222015,0.15808527,0.13125147,0.0007917078,0.048301432,0.037422325,0.0,0.0,0.0,0.0,0.0,0.0,0.0,0.0,0.0,0.0,-0.0005908899
0.020659838,-0.05252738,0.15967114,0.30923077,-0.09187355,0.09935726,-0.16197993,0.07438356,0.0076515623,0.049305197,-0.035758868,0.0,0.0,0.0,0.0,0.0,0.0,0.0,0.0,0.0,0.0,0.0025920507
-0.004293816,-0.06480715,-0.098139666,0.1630495,0.012355376,-0.022251353,-0.0039888266,-0.058833133,0.018134391,-0.04808915,-0.0143653145,0.0,0.0,0.0,0.0,0.0,0.0,0.0,0.0,0.0,0.0,-0.0051792194
0.0012718728,0.16960563,-0.42306596,0.23358351,-0.08001759,-0.023073707,0.036670104,-0.009460453,-0.015473823,-0.033398036,-0.042103816,0.0,0.0,0.0,0.0,0.0,0.0,0.0,0.0,0.0,0.0,0.00073145214
-0.0021919007,-0.09402644,0.014241939,-0.30948985,0.012420678,0.025273375,-0.16695961,0.038166903,0.038301617,-0.11389555,-0.041163314,0.0,0.0,0.0,0.0,0.0,0.0,0.0,0.0,0.0,0.0,-0.00022265394
-0.004382942,0.12203546,0.2105789,0.5082755,-0.011476701,0.0137735,-0.061138134,-0.041859314,-0.0034937146,0.04859285,0.036105275,0.0,0.0,0.0,0.0,0.0,0.0,0.0,0.0,0.0,0.0,-0.000528856
-0.0031276783,-0.07277029,-0.51336044,-0.5895762,-0.038070682,-0.12136474,-0.25943923,-0.023583792,-0.07384682,-0.04630665,-0.1465437,0.0,0.0,0.0,0.0,0.0,0.0,0.0,0.0,0.0,0.0,-0.0007910011
-0.002495492,-0.066054836,0.22062452,-0.61880994,0.018139206,0.029365756,-0.06900252,-0.02568613,-0.022278422,-0.14253111,-0.15572673,0.0,0.0,0.0,0.0,0.0,0.0,0.0,0.0,0.0,0.0,-0.000398019
-0.0027111447,-0.056116607,0.122448385,-0.13422856,-0.1249384,-0.12600143,0.03580558,-0.069823466,0.01834163,-0.036523875,0.11044658,0.0,0.0,0.0,0.0,0.0,0.0,0.0,0.0,0.0,0.0,-0.0018623234
-0.0027148433,-0.0015253283,0.024601636,0.22568254,-0.031405907,0.024341507,-0.104879044,-0.07920472,0.0049024015,-0.088025436,-0.019650972,0.0,0.0,0.0,0.0,0.0,0.0,0.0,0.0,0.0,0.0,-0.0004962675
-0.00090901845,0.017560907,-0.20032305,-0.24762447,0.03130422,-0.02646658,0.00482639,-0.046656724,-0.018761577,-0.024897382,0.0338562,0.0,0.0,0.0,0.0,0.0,0.0,0.0,0.0,0.0,0.0,-0.00031459302
-0.0018050594,-0.057669263,-0.034903493,-0.36263502,0.045564044,0.025985051,0.05526858,-0.010480242,0.006165573,-0.023884427,0.036809884,0.0,0.0,0.0,0.0,0.0,0.0,0.0,0.0,0.0,0.0,-0.0005937336
-0.0053494265,0.16377635,0.060868625,-0.09622485,0.0122725675,0.0058393087,0.0167752,0.012925169,0.05058365,0.0054720086,0.023339469,0.0,0.0,0.0,0.0,0.0,0.0,0.0,0.0,0.0,0.0,-0.00068174157
-0.0028069941,-0.08735005,0.15205182,-0.46427116,-0.054206833,-0.032236803,-0.29096037,0.06194088,0.06581583,0.0900968,-0.32338694,0.0,0.0,0.0,0.0,0.0,0.0,0.0,0.0,0.0,0.0,-0.00081150484
0.0033145496,-0.02943566,-0.12842807,-0.14818525,0.01939425,0.054638978,-0.07730393,-0.05151316,0.011335642,0.006872084,0.029297557,0.0,0.0,0.0,0.0,0.0,0.0,0.0,0.0,0.0,0.0,0.0077603194
-0.0039044665,0.09252017,0.2780405,0.56314343,0.04127719,0.07077912,-0.05673779,-0.023998085,0.029115204,0.0637244,0.023093339,0.0,0.0,0.0,0.0,0.0,0.0,0.0,0.0,0.0,0.0,-0.0005174577
-0.0037468646,-0.064958565,-0.16945556,-0.15967797,-0.01438776,-0.0087889815,0.005041268,0.046852306,-0.014234095,0.018095773,-0.066205196,0.0,0.0,0.0,0.0,0.0,0.0,0.0,0.0,0.0,0.0,-0.0006503536
0.005483512,0.26722452,0.05687712,0.65804636,-0.064090185,-0.06871477,0.08975176,0.005593348,0.0024260161,0.060105022,0.023433393,0.0,0.0,0.0,0.0,0.0,0.0,0.0,0.0,0.0,0.0,-0.00047370882
-0.004517491,-0.05645817,-0.19208434,0.054264367,-0.06231161,0.007840668,0.003996881,-0.008862006,0.036058832,0.014248576,-0.022121396,0.0,0.0,0.0,0.0,0.0,0.0,0.0,0.0,0.0,0.0,-0.00047765416
0.00051417376,-0.005089787,0.0052468497,-0.3009688,0.07176937,0.14478067,-0.054485116,0.101211436,-0.049727038,0.0030588312,0.37642732,0.0,0.0,0.0,0.0,0.0,0.0,0.0,0.0,0.0,0.0,-0.0006055355
-0.0024982449,-0.114020325,-0.17587878,-0.17648055,0.006493189,-0.039562926,-0.066668674,-0.06318812,0.09627482,0.11038346,0.021616042,0.0,0.0,0.0,0.0,0.0,0.0,0.0,0.0,0.0,0.0,-0.0002762865
0.017387616,0.09211941,0.06187678,-0.23210241,-0.03868452,-0.032612335,0.016017098,-0.027268093,0.039362554,-0.051415432,0.12228494,0.0,0.0,0.0,0.0,0.0,0.0,0.0,0.0,0.0,0.0,-0.00043422036
0.048545793,-0.054076128,-0.028098863,0.39282605,-0.018797187,-0.009890768,-0.16270392,-0.12159789,0.0015995976,0.21479346,0.022677734,0.0,0.0,0.0,0.0,0.0,0.0,0.0,0.0,0.0,0.0,0.025800174
0.031564754,0.18407631,0.2600286,0.40116864,0.039846666,0.0790085,0.07347993,-0.039294444,0.02520238,-0.0014186186,0.042147133,0.0,0.0,0.0,0.0,0.0,0.0,0.0,0.0,0.0,0.0,0.0030658983
-0.0006317788,-0.011029427,-0.12208681,-0.00065664283,0.055385094,-0.019300338,0.00076634536,-0.037142627,0.01769264,0.024613135,0.049296454,0.0,0.0,0.0,0.0,0.0,0.0,0.0,0.0,0.0,0.0,-0.0019919437
0.040484134,-0.032099195,0.033042245,0.32207915,-0.021381343,-0.011335993,-0.01558123,-0.06944588,-0.008781099,0.20097035,0.0043954034,0.0,0.0,0.0,0.0,0.0,0.0,0.0,0.0,0.0,0.0,0.01870113
0.01994378,0.030478299,0.060306244,0.57212293,-0.112257496,-0.17628135,0.062486988,-0.0033248197,0.009125274,0.033489395,0.014860958,0.0,0.0,0.0,0.0,0.0,0.0,0.0,0.0,0.0,0.0,0.018526517
-0.011703891,0.039419957,-0.22105677,-0.30433398,0.064798295,-0.094359234,0.033360917,-0.041769687,-0.01037081,-0.063715294,-0.14663984,0.0,0.0,0.0,0.0,0.0,0.0,0.0,0.0,0.0,0.0,-0.000981686
0.0074290736,0.015319401,-0.20612484,0.53414434,-0.062243666,-0.2251744,-0.13438815,0.06631848,0.014661034,0.030511893,-0.025257338,0.0,0.0,0.0,0.0,0.0,0.0,0.0,0.0,0.0,0.0,-0.0005276078
0.010375001,-0.028830018,-0.057634804,0.3267356,0.05862385,0.12721154,-0.08710655,-0.09017866,-0.014813931,-0.16049981,-0.04690382,0.0,0.0,0.0,0.0,0.0,0.0,0.0,0.0,0.0,0.0,-0.019212356
-0.0038152994,0.047194514,-0.005643962,0.24514939,-0.103463575,-0.037131112,0.029837098,0.022439804,-0.0027820626,0.02483832,-0.0113584725,0.0,0.0,0.0,0.0,0.0,0.0,0.0,0.0,0.0,0.0,-0.0026583557
0.011096665,-0.03179567,-0.3289906,-0.4114343,0.057734877,0.08041006,0.094993606,-0.028883956,-0.05315669,-0.0689566,-0.018485308,0.0,0.0,0.0,0.0,0.0,0.0,0.0,0.0,0.0,0.0,-0.0027345228
0.0022069796,-0.050433617,0.08390716,-0.11730327,0.26552546,0.1028937,0.072461,0.099688105,-0.0049061175,-0.05565828,0.04628691,0.0,0.0,0.0,0.0,0.0,0.0,0.0,0.0,0.0,0.0,0.00021101549
-0.0065781856,0.12350002,0.1328509,-0.035097457,0.10723253,0.04123878,0.113562934,0.345954,-0.23644087,0.12594871,0.14456713,0.0,0.0,0.0,0.0,0.0,0.0,0.0,0.0,0.0,0.0,-0.0017162272
-0.0041410336,-0.029000653,0.018224083,0.14097552,0.020318355,0.102941014,-0.012776671,-0.045830756,0.03008711,0.10944715,-0.0016112605,0.0,0.0,0.0,0.0,0.0,0.0,0.0,0.0,0.0,0.0,-0.00027167064
-0.0017255943,0.04161241,0.115174785,-0.12073796,0.049706142,0.08195309,-0.009582275,0.1650396,0.0010983178,0.09521977,0.24886128,0.0,0.0,0.0,0.0,0.0,0.0,0.0,0.0,0.0,0.0,-0.00054220355
-0.0023209304,-0.07674279,0.08608228,-0.14172098,0.051573113,0.0072155437,0.023586003,0.02280632,-0.004911453,0.05066082,0.09555906,0.0,0.0,0.0,0.0,0.0,0.0,0.0,0.0,0.0,0.0,-0.0018302322
-0.0038017158,-0.033196274,-0.08722067,0.21422295,-0.02487512,0.0025067497,-0.0019070699,-0.016867902,0.010544506,-0.068196476,0.015754972,0.0,0.0,0.0,0.0,0.0,0.0,0.0,0.0,0.0,0.0,-0.0006449831
0.00064160884,-0.01180694,0.16631535,-0.094059005,0.039630324,0.12140134,0.054485224,-0.014060671,0.036372498,0.057898298,-0.017385537,0.0,0.0,0.0,0.0,0.0,0.0,0.0,0.0,0.0,0.0,-0.0019691766
-0.00400475,0.007155507,-0.044997726,0.06424922,-0.07483946,-0.03482202,0.112154625,0.0970534,0.027496116,0.0478749,0.00622907,0.0,0.0,0.0,0.0,0.0,0.0,0.0,0.0,0.0,0.0,-0.00060511864
-0.0021996268,-0.0357234,-0.3532991,-0.45505857,0.053662706,-0.020420313,-0.082183264,-0.03412201,-0.007933456,-0.046326824,-0.018692993,0.0,0.0,0.0,0.0,0.0,0.0,0.0,0.0,0.0,0.0,-0.0006253973
-0.0027515322,-0.01808524,-0.2752098,-0.20973647,-0.2282893,-0.054439593,0.049553275,0.014035551,0.0103705125,-0.03895578,-0.022029515,0.0,0.0,0.0,0.0,0.0,0.0,0.0,0.0,0.0,0.0,0.0005478138
0.00061562296,-0.08238983,0.0016895635,-0.55743617,0.040959943,-0.14077282,-0.14646818,0.0074865934,-0.08029738,-0.14007765,-0.18688482,0.0,0.0,0.0,0.0,0.0,0.0,0.0,0.0,0.0,0.0,0.0029642826
-0.0038427422,-0.006328211,-0.36328557,-0.40664753,0.029741513,-0.07735772,-0.0020758756,0.008508647,-0.07111459,-0.032062497,0.03404888,0.0,0.0,0.0,0.0,0.0,0.0,0.0,0.0,0.0,0.0,-0.00063054834
-0.0062313965,-0.008217479,0.03897631,0.5260464,-0.11500898,-0.03695868,0.04965094,-0.006187302,0.033337142,0.034799326,-0.00911664,0.0,0.0,0.0,0.0,0.0,0.0,0.0,0.0,0.0,0.0,-0.00086517376
-0.004936807,0.0144753335,-0.008764064,0.039772287,0.02203563,0.023786757,0.016159547,-0.06782252,-0.0029813931,0.0055514397,0.006404348,0.0,0.0,0.0,0.0,0.0,0.0,0.0,0.0,0.0,0.0,-0.0004954123
-0.0046064574,0.020422095,-0.09328109,0.32359332,0.009364296,0.022348443,-0.15243927,-0.03533787,0.02485365,-0.044104334,-0.012280226,0.0,0.0,0.0,0.0,0.0,0.0,0.0,0.0,0.0,0.0,-0.0006991309
-0.0076911934,-0.03258243,-0.09794784,0.20589115,0.06652639,-0.0048246835,0.037559014,-0.033448678,0.066776,-0.034621425,-0.01805345,0.0,0.0,0.0,0.0,0.0,0.0,0.0,0.0,0.0,0.0,-0.0011527931
-0.0022578002,0.0016592222,-0.105190486,-0.2552885,0.11580265,0.076165356,0.20877811,-0.05606848,0.12492056,-0.06246357,-0.03935671,0.0,0.0,0.0,0.0,0.0,0.0,0.0,0.0,0.0,0.0,-0.00021066425
0.0066868896,0.04589556,-0.12208189,0.40071538,-0.035567112,-0.037482347,-0.007271105,-0.15705392,0.0012272571,-0.0704487,-0.24936727,0.0,0.0,0.0,0.0,0.0,0.0,0.0,0.0,0.0,0.0,0.0067177936
0.025464924,0.011355737,0.009430865,-0.15614852,-0.1798164,-0.07147812,-0.0077695376,-0.028174825,-0.0010211717,0.060405154,0.040698837,0.0,0.0,0.0,0.0,0.0,0.0,0.0,0.0,0.0,0.0,0.0024664407
-0.0033875504,-0.10022251,-0.08786848,0.13375778,-0.027019892,0.0077749034,-0.03971766,-0.06834837,0.008671529,0.061280474,-0.030582193,0.0,0.0,0.0,0.0,0.0,0.0,0.0,0.0,0.0,0.0,-0.0004913535
-0.0037401686,0.025781035,-0.23086894,0.43847555,0.119311474,-0.014271708,0.070033535,0.07676851,0.021440381,-0.03399883,-0.026629299,0.0,0.0,0.0,0.0,0.0,0.0,0.0,0.0,0.0,0.0,-0.005732796
-0.0046210885,0.22040652,0.0633441,-0.15340002,0.12361072,0.119728245,-0.019896438,0.044224326,0.06255704,0.002092564,0.08800456,0.0,0.0,0.0,0.0,0.0,0.0,0.0,0.0,0.0,0.0,-0.00044708262
0.0002493023,0.002278971,0.18039325,-0.10732022,0.21889023,0.37313765,0.22219901,0.03863362,0.082265384,0.0336492,-0.024422435,0.0,0.0,0.0,0.0,0.0,0.0,0.0,0.0,0.0,0.0,-0.00047159282
-0.004888531,-0.06281071,-0.03698176,0.29968095,0.0003271142,-0.046798255,0.06618037,-0.07778347,0.016555235,-0.00653849,-0.036361847,0.0,0.0,0.0,0.0,0.0,0.0,0.0,0.0,0.0,0.0,-0.0021103884
-0.0066887503,0.04258679,0.027531471,0.49350837,-0.08116904,-0.03426983,0.069650196,0.06430494,0.011316458,-0.05727847,0.0449979,0.0,0.0,0.0,0.0,0.0,0.0,0.0,0.0,0.0,0.0,-0.00077282207
-0.0017550583,-0.05698567,0.13855661,-0.18287247,0.010580677,0.13840072,-0.018869974,0.08081106,-0.022249565,0.07106003,-0.007859399,0.0,0.0,0.0,0.0,0.0,0.0,0.0,0.0,0.0,0.0,-0.0006323402
0.017399237,0.27724913,0.05110401,1.0219615,-0.06592255,-0.00087553624,-0.060067084,0.10556072,0.08010998,0.020836845,-0.049504377,0.0,0.0,0.0,0.0,0.0,0.0,0.0,0.0,0.0,0.0,-0.00059805217
-0.00019673629,-0.015408433,-0.06836302,-0.025353547,0.042910237,-0.11416866,0.12207785,-0.0674294,0.007106301,0.03478199,-0.00079857605,0.0,0.0,0.0,0.0,0.0,0.0,0.0,0.0,0.0,0.0,-0.000656087
-0.010094249,0.08460864,0.09239769,1.0483849,-0.02952569,0.27064648,0.05188334,0.06548231,-0.03627755,0.21688493,0.07739693,0.0,0.0,0.0,0.0,0.0,0.0,0.0,0.0,0.0,0.0,-0.0077547533
-0.016938662,0.13023645,0.15360282,0.4756145,-0.01774951,-0.022755824,-0.039503876,0.033690576,-0.005673988,0.15466635,-0.010913974,0.0,0.0,0.0,0.0,0.0,0.0,0.0,0.0,0.0,0.0,-0.008207579
-0.00033877062,-0.010847061,-0.05513382,-0.21482368,-0.07847209,0.032243453,0.120387,0.0202871,0.027552793,-0.08829674,0.045403525,0.0,0.0,0.0,0.0,0.0,0.0,0.0,0.0,0.0,0.0,-0.00020902234
-0.005141681,0.090164065,0.06645341,0.19918664,0.07663808,0.057714455,0.04875791,0.028940875,0.024729095,-0.020207452,0.0047572986,0.0,0.0,0.0,0.0,0.0,0.0,0.0,0.0,0.0,0.0,-0.0022015518
-0.0036594982,-0.010972075,0.18398443,0.19250786,0.0326261,0.07657958,0.02266478,-0.020876775,0.029428259,0.037218463,-0.012852392,0.0,0.0,0.0,0.0,0.0,0.0,0.0,0.0,0.0,0.0,-0.00033413107
-0.002727543,0.008298885,0.17053,0.22580117,0.066471376,0.009772982,0.10223652,-0.061534308,0.00997126,0.062134147,0.025432674,0.0,0.0,0.0,0.0,0.0,0.0,0.0,0.0,0.0,0.0,-0.0003196693
0.014847863,0.07516269,0.054073177,0.18260114,0.05800017,-0.11264608,-0.12642996,-0.040926363,-0.0053670206,-0.054612473,0.009267062,0.0,0.0,0.0,0.0,0.0,0.0,0.0,0.0,0.0,0.0,0.007300454
-0.006777365,-0.03431819,-0.13192928,-0.072834924,0.026038509,-0.0065479274,-0.01884339,0.032962434,0.0036232055,0.0047955373,0.041186336,0.0,0.0,0.0,0.0,0.0,0.0,0.0,0.0,0.0,0.0,-0.002379312
-0.0030210158,-0.06047139,-0.036610782,-0.2886313,0.027219482,-0.0014972674,-0.010265072,0.009884518,0.023832599,-0.100326784,0.0040671807,0.0,0.0,0.0,0.0,0.0,0.0,0.0,0.0,0.0,0.0,-0.00063478475
0.0024679627,-0.006477529,-0.11998413,-0.3797785,0.032454334,-0.015933646,-0.057231642,-0.06643234,0.13543135,0.053681433,-0.20285286,0.0,0.0,0.0,0.0,0.0,0.0,0.0,0.0,0.0,0.0,-0.0008330902
-0.0038522747,0.13177596,0.0057168375,0.34453386,0.04142793,0.005284085,0.15381652,0.08465258,-0.0037136006,-0.024317343,0.10483479,0.0,0.0,0.0,0.0,0.0,0.0,0.0,0.0,0.0,0.0,-0.00039337252
0.03120347,-0.044490367,-0.020327918,0.32873833,0.050026137,-0.072403364,0.046660203,0.0026919823,0.03802543,0.020265015,-0.05260755,0.0,0.0,0.0,0.0,0.0,0.0,0.0,0.0,0.0,0.0,0.008460191
-0.0033762963,0.10371864,-0.11478786,0.15013587,0.04299197,0.0026334906,0.056694902,-0.059197627,0.07116032,0.10028643,-0.00033426992,0.0,0.0,0.0,0.0,0.0,0.0,0.0,0.0,0.0,0.0,-0.0017714262
-0.00700101,0.08790059,-0.046233658,0.390098,0.053294778,0.06022357,0.04421876,-0.02754181,0.012952921,0.050775666,0.023783784,0.0,0.0,0.0,0.0,0.0,0.0,0.0,0.0,0.0,0.0,-0.0019008837
-0.013629973,0.036781643,0.19231054,0.43366176,0.022119273,0.021897167,-0.11729494,-0.11189468,0.027481142,0.04068714,-0.009678801,0.0,0.0,0.0,0.0,0.0,0.0,0.0,0.0,0.0,0.0,-0.008616825
-0.0002206323,-0.047126666,0.15483838,-0.14402704,-0.12511607,-0.020205911,0.0512165,0.036447603,0.006159632,0.050061215,-0.06656676,0.0,0.0,0.0,0.0,0.0,0.0,0.0,0.0,0.0,0.0,-0.0019089655
-0.00088453136,0.06714313,-0.06169456,0.5567147,-0.057416484,0.08273102,0.04494083,0.123258494,-0.0013716752,-0.045297593,0.05994743,0.0,0.0,0.0,0.0,0.0,0.0,0.0,0.0,0.0,0.0,-0.0005179826
0.0020286741,0.019177197,0.14735836,-0.13274153,0.025252141,0.0021536849,-0.080928184,0.0021275629,-0.032909196,0.021622447,0.18952575,0.0,0.0,0.0,0.0,0.0,0.0,0.0,0.0,0.0,0.0,-0.0005692399
-0.0065122047,0.018079378,-0.093853705,-0.18915975,0.026450237,0.04723885,4.3503635e-05,-0.05879169,0.011873932,-0.117537364,-0.024607604,0.0,0.0,0.0,0.0,0.0,0.0,0.0,0.0,0.0,0.0,-0.0023850105
0.038664315,0.013743101,-0.10682013,-0.20258553,-0.042932637,-0.08367737,0.020740533,-0.04165646,0.008015821,-0.025175726,-0.01806227,0.0,0.0,0.0,0.0,0.0,0.0,0.0,0.0,0.0,0.0,0.0026307446
-0.0026354485,0.16216694,-0.27059025,0.1307471,-0.01845002,-0.04030812,-0.043549996,0.033493202,0.0067905285,-0.046854734,0.10606614,0.0,0.0,0.0,0.0,0.0,0.0,0.0,0.0,0.0,0.0,9.764818e-05
-0.0031090828,-0.025438149,-0.32222018,-0.46353522,-0.0038347726,-0.030820502,0.03248869,-0.043200213,-0.06743143,-0.044790998,0.15312089,0.0,0.0,0.0,0.0,0.0,0.0,0.0,0.0,0.0,0.0,-0.00029747578
-0.0046091676,-0.019330442,0.056687314,0.1250229,0.02832139,-0.013433915,-0.03539202,0.013793709,0.0222264,0.027072625,-0.01046293,0.0,0.0,0.0,0.0,0.0,0.0,0.0,0.0,0.0,0.0,-0.00048510105
-0.0121980915,0.0456687,0.090432785,0.19717422,0.0770292,0.07797658,0.03939311,-0.06276273,-0.0041814987,0.18987596,0.0038346963,0.0,0.0,0.0,0.0,0.0,0.0,0.0,0.0,0.0,0.0,-0.0063526467
0.013155803,-0.0137890875,-0.42317027,-0.7379979,0.08725178,-0.16527255,-0.4555235,-0.038166046,-0.11218172,0.042561457,-0.37640795,0.0,0.0,0.0,0.0,0.0,0.0,0.0,0.0,0.0,0.0,-0.0009654164
-0.018151915,0.11259227,0.16382761,0.46690452,0.07063458,-0.0055116024,0.00355466,0.018104479,-0.013043838,0.21407889,-0.0056276955,0.0,0.0,0.0,0.0,0.0,0.0,0.0,0.0,0.0,0.0,-0.0027144193
-0.018946098,0.14910552,0.18704356,0.8687346,0.06500053,-0.0876306,0.17523165,0.056621883,-0.1869204,0.23753196,-0.008959835,0.0,0.0,0.0,0.0,0.0,0.0,0.0,0.0,0.0,0.0,-0.007648867
-0.00391954,0.0877324,0.011052752,-0.17595561,0.055026352,-0.021629058,0.0392795,-0.02826506,0.022079503,0.05423928,-0.06536028,0.0,0.0,0.0,0.0,0.0,0.0,0.0,0.0,0.0,0.0,-0.0016548072
-0.0059164017,-0.08524406,0.13032752,-0.09596488,0.014407266,0.097497,-0.0025233976,-0.016994167,-0.27393878,-0.02837953,-0.023539128,0.0,0.0,0.0,0.0,0.0,0.0,0.0,0.0,0.0,0.0,-0.00060504494
-0.005151666,-0.023694605,-0.050586592,0.2696411,-0.023852492,-2.8652386e-05,0.014738633,-0.11354799,0.028973365,0.019089974,-0.053090245,0.0,0.0,0.0,0.0,0.0,0.0,0.0,0.0,0.0,0.0,0.0017619939
0.006814311,-0.14495303,0.09685907,-0.2802163,-0.006511417,0.037547786,-0.017589286,0.046065565,0.039723776,-0.0584325,0.018849589,0.0,0.0,0.0,0.0,0.0,0.0,0.0,0.0,0.0,0.0,0.0025946691
0.00569805,0.015217697,0.0050569065,0.45500895,-0.10713598,-0.17511533,0.05294198,0.044621725,0.0070777037,0.025489498,-0.014352743,0.0,0.0,0.0,0.0,0.0,0.0,0.0,0.0,0.0,0.0,0.018896786
-0.0056514656,-0.029589951,0.05228302,-0.3181055,0.027085084,0.005425851,-0.008463807,-0.015121052,0.048589732,-0.11264227,-0.029102245,0.0,0.0,0.0,0.0,0.0,0.0,0.0,0.0,0.0,0.0,-0.00031879277
-0.008036865,-0.0073571634,-0.11348739,-0.13614511,-0.005974253,0.0071432265,0.044071116,0.12457521,-0.0024669017,0.18934692,-0.046339642,0.0,0.0,0.0,0.0,0.0,0.0,0.0,0.0,0.0,0.0,-0.00588647
-0.007302127,0.014682446,0.011426938,-0.3634816,0.005616593,-0.030768607,-0.044051286,0.03581097,0.04144352,-0.06532938,0.2385342,0.0,0.0,0.0,0.0,0.0,0.0,0.0,0.0,0.0,0.0,-0.0007220197
0.0034433038,0.19844264,-0.19518802,0.063350484,-0.012614274,0.018921295,0.1337575,0.026480768,0.025245573,0.047897052,-0.03978677,0.0,0.0,0.0,0.0,0.0,0.0,0.0,0.0,0.0,0.0,-0.00013070923
0.017549485,0.094303995,-0.31796283,-0.40334722,0.11105263,0.009674257,0.047243163,0.07695659,0.08166826,-0.019075409,-0.047232095,0.0,0.0,0.0,0.0,0.0,0.0,0.0,0.0,0.0,0.0,0.0106362095
-0.004099446,0.13892691,0.044597737,-0.24927422,0.0093613,0.2949221,-0.01774809,0.07877124,0.060077254,-0.00039818557,0.22610253,0.0,0.0,0.0,0.0,0.0,0.0,0.0,0.0,0.0,0.0,-0.0014411138
0.02094646,-0.081087895,-0.06967834,-0.35906023,-0.057608284,-0.054079395,-0.09091903,-0.040598597,-0.039786752,-0.10106796,0.21573408,0.0,0.0,0.0,0.0,0.0,0.0,0.0,0.0,0.0,0.0,0.007747179
-0.0039226264,0.013715175,-0.01717975,-0.15874672,0.175767,0.110845946,0.024969708,-0.017010834,0.0422685,0.16284455,-0.0234627,0.0,0.0,0.0,0.0,0.0,0.0,0.0,0.0,0.0,0.0,-0.0003784687
-0.004451439,0.036619518,0.030946074,-0.4013691,0.01888231,-0.01760842,-0.019131243,-0.019577486,0.041954115,-0.10616888,0.060772482,0.0,0.0,0.0,0.0,0.0,0.0,0.0,0.0,0.0,0.0,-0.0017059922
-0.0016384238,0.024774097,-0.10375402,-0.32418677,-0.13856675,-0.054202266,0.09238782,0.19786905,-0.0267125,-0.09402244,-0.015482929,0.0,0.0,0.0,0.0,0.0,0.0,0.0,0.0,0.0,0.0,-0.0005744091
0.0018530684,-0.0039019827,0.17333701,-0.13030966,0.021503078,-0.0004451691,0.04731423,-0.018075591,-0.042962667,0.060589354,-0.051629115,0.0,0.0,0.0,0.0,0.0,0.0,0.0,0.0,0.0,0.0,-0.0019436231
-0.0027153774,0.04282459,0.013414861,-0.268286,-0.0015728129,-0.04340668,-0.010319108,-0.023613723,-0.03543895,0.05443825,-0.081526704,0.0,0.0,0.0,0.0,0.0,0.0,0.0,0.0,0.0,0.0,-0.00032005494
-0.003559051,-0.029566472,-0.21156324,-1.0908921,-0.2181873,-0.13883117,-0.4851401,0.072639585,-0.0059626875,-0.1526094,0.22974859,0.0,0.0,0.0,0.0,0.0,0.0,0.0,0.0,0.0,0.0,-0.00047818583
-0.0030427328,0.060781457,0.17220713,0.15559219,0.09596074,0.09788644,0.066439904,0.020357685,0.025543056,0.095084965,0.02681872,0.0,0.0,0.0,0.0,0.0,0.0,0.0,0.0,0.0,0.0,-0.00066037255
0.0063792863,-0.090340294,-0.07004388,0.1593253,-0.036963254,0.0021892386,0.032117676,-0.056885235,0.049022585,0.14532952,0.006859129,0.0,0.0,0.0,0.0,0.0,0.0,0.0,0.0,0.0,0.0,0.0030890217
0.00040257798,0.29455122,0.035125274,0.393544,-0.10477035,0.019536767,0.1250529,0.19397655,0.036714133,-0.056272,-0.028408155,0.0,0.0,0.0,0.0,0.0,0.0,0.0,0.0,0.0,0.0,-0.0021876146
-0.0013487734,-0.009980754,0.040002108,-0.35128587,-0.0074785734,0.26278457,0.02195955,0.010638269,0.08434271,0.044797566,-0.10397684,0.0,0.0,0.0,0.0,0.0,0.0,0.0,0.0,0.0,0.0,-0.0017842698
-0.004725771,-0.08606299,-0.011290347,-0.16413637,0.01468888,-0.11987165,-0.09713177,-0.03076743,-0.018921638,-0.11710997,-0.11079922,0.0,0.0,0.0,0.0,0.0,0.0,0.0,0.0,0.0,0.0,-0.0004898815
0.05484136,0.050342295,0.10472177,0.31538546,0.09706512,0.026842248,0.08864107,0.107609876,0.016060593,0.15081689,0.009918694,0.0,0.0,0.0,0.0,0.0,0.0,0.0,0.0,0.0,0.0,0.02577645
-0.003189143,0.08533859,-0.029604232,0.1529805,0.06150701,0.016160091,0.07211696,0.13753302,0.016135085,-0.074810706,0.029599577,0.0,0.0,0.0,0.0,0.0,0.0,0.0,0.0,0.0,0.0,0.0007424986
0.027657857,0.022224365,0.37092364,-0.4235166,0.006245684,-0.060764916,0.10007783,0.026436286,-0.038809493,-0.03727181,0.067521274,0.0,0.0,0.0,0.0,0.0,0.0,0.0,0.0,0.0,0.0,0.00087265373
-0.0056284727,-0.019311596,-0.0540425,0.11520792,-0.12830716,-0.03436868,0.028051496,0.069844976,-0.058987483,-0.10489411,-0.008145504,0.0,0.0,0.0,0.0,0.0,0.0,0.0,0.0,0.0,0.0,-0.00052793015
-0.0059078475,-0.018743895,-0.02475542,-0.13923757,0.018410759,-0.050839998,0.0036637092,-0.033896305,0.02520474,0.060176186,-0.10980949,0.0,0.0,0.0,0.0,0.0,0.0,0.0,0.0,0.0,0.0,-0.00081880786
-0.005700841,-0.023914043,0.020790067,0.42118677,-0.0012243661,0.003061877,-0.0046120128,-0.10368153,-0.00968615,-0.025321344,-0.053016957,0.0,0.0,0.0,0.0,0.0,0.0,0.0,0.0,0.0,0.0,0.0040367884
0.017371828,-0.12290355,0.09706699,-0.5044774,-0.05054707,-0.19039491,-0.05818339,-0.014835726,0.041967757,-0.0848441,-0.16503906,0.0,0.0,0.0,0.0,0.0,0.0,0.0,0.0,0.0,0.0,0.001914242
-0.0025791998,-0.07794985,-0.01467847,-0.4135083,0.03764972,0.02968236,-0.077733666,0.030883752,0.0061813593,-0.046108507,-0.2078647,0.0,0.0,0.0,0.0,0.0,0.0,0.0,0.0,0.0,0.0,-0.0003221856
-0.0033857494,0.1562585,0.12055833,-0.050956797,-0.009332434,-0.08852111,-0.30370814,-0.01753469,-0.02806752,-0.14368963,-0.11272628,0.0,0.0,0.0,0.0,0.0,0.0,0.0,0.0,0.0,0.0,-0.00034163508
-0.0030936094,0.0031586352,0.053983703,0.32598367,-0.014511146,-0.007378991,0.07549953,-0.035512105,0.018139511,-0.04461696,-0.007486403,0.0,0.0,0.0,0.0,0.0,0.0,0.0,0.0,0.0,0.0,-0.0006452556
0.003350146,-0.041427724,0.1860611,-0.08080067,0.10551849,0.09013399,0.19279946,0.14095755,0.44578013,0.05220269,-0.011823145,0.0,0.0,0.0,0.0,0.0,0.0,0.0,0.0,0.0,0.0,-0.0004429098
-0.015710177,0.026881002,0.22626986,0.7373785,0.012621654,0.09271689,0.13084893,-0.016190762,-0.026471788,0.24378766,0.05463757,0.0,0.0,0.0,0.0,0.0,0.0,0.0,0.0,0.0,0.0,-0.007817558
0.004780842,0.053010568,0.06588781,-0.23451285,0.023529826,-0.13389204,0.0060896026,0.024079736,-0.0366903,-0.044549648,0.20446035,0.0,0.0,0.0,0.0,0.0,0.0,0.0,0.0,0.0,0.0,0.0031410146
0.056887668,0.012479357,0.044573765,0.4233191,0.032521617,-0.02755043,-0.08215719,0.058847815,0.0019881919,0.20724261,0.049157854,0.0,0.0,0.0,0.0,0.0,0.0,0.0,0.0,0.0,0.0,0.023597715
-0.006139804,-0.007620119,0.017807942,-0.17179623,-0.005509926,-0.06564555,-0.0007724211,-0.09080255,-0.07753672,0.04399922,-0.079294264,0.0,0.0,0.0,0.0,0.0,0.0,0.0,0.0,0.0,0.0,-0.0044292505
-0.0050398903,0.0051666843,0.031797167,0.07851489,0.018054314,0.07280262,0.03226559,-0.04613251,0.056956496,-0.032618873,0.01314711,0.0,0.0,0.0,0.0,0.0,0.0,0.0,0.0,0.0,0.0,-0.0004628874
0.031962685,-0.019634943,0.10016415,0.12815218,0.106783606,0.037109006,0.0400902,0.017448755,0.027345354,0.10138613,0.016612757,0.0,0.0,0.0,0.0,0.0,0.0,0.0,0.0,0.0,0.0,0.013420215
0.026197698,0.09346299,0.011957707,0.61008817,-0.008137639,0.09541206,0.07547184,-0.02304236,0.0039380486,-0.05457559,-0.0063443384,0.0,0.0,0.0,0.0,0.0,0.0,0.0,0.0,0.0,0.0,0.0038049512
-0.005943098,-7.002638e-05,0.004606592,-0.67647284,-0.09023129,-0.081472285,-0.033210546,0.015431653,0.018393278,-0.084924676,-0.19151099,0.0,0.0,0.0,0.0,0.0,0.0,0.0,0.0,0.0,0.0,-0.0017023811
0.00999594,-0.13805678,-0.041580368,-0.4480348,0.07544425,0.08132921,0.010526138,0.008846091,0.0011037447,-0.053410877,0.009027482,0.0,0.0,0.0,0.0,0.0,0.0,0.0,0.0,0.0,0.0,0.0020821646
-0.0020414786,0.010544434,0.109656066,0.10326136,0.12739703,0.11081842,0.017653676,0.011870736,0.05640065,0.10225559,-0.00086799415,0.0,0.0,0.0,0.0,0.0,0.0,0.0,0.0,0.0,0.0,-0.0017488255
0.005104606,0.16537526,-0.01560054,0.23052219,-0.037764084,-0.09700331,0.021816745,0.09963045,0.008531741,0.06677884,0.009251357,0.0,0.0,0.0,0.0,0.0,0.0,0.0,0.0,0.0,0.0,-0.00040992125
-0.0023683992,0.102905974,-0.018397082,0.4252713,-0.0014993527,0.0057991925,0.09047803,-0.008857864,-0.0011568882,0.0941234,-0.026687073,0.0,0.0,0.0,0.0,0.0,0.0,0.0,0.0,0.0,0.0,0.0017177644
0.022936756,0.07152863,0.48673308,-0.16394791,0.002475,0.25425544,0.154804,0.30088884,0.06261504,-0.076637894,0.44237542,0.0,0.0,0.0,0.0,0.0,0.0,0.0,0.0,0.0,0.0,-0.0021462704
-0.0010488029,-0.028474128,-0.0094458815,-0.25938177,-0.26907685,-0.2794909,-0.037964296,0.16020517,0.09967218,0.10330591,0.012003002,0.0,0.0,0.0,0.0,0.0,0.0,0.0,0.0,0.0,0.0,-0.0016807267
-0.015794491,0.17169179,0.1658692,0.43444723,0.028782006,-0.102993436,-0.03170356,0.08165397,-0.007947584,0.1766764,0.060741752,0.0,0.0,0.0,0.0,0.0,0.0,0.0,0.0,0.0,0.0,-0.0026430034
-0.010240656,0.08360271,0.035434943,0.7733839,0.056914695,0.1153547,-0.096542135,0.20694697,-0.21922274,0.024694428,-0.019783173,0.0,0.0,0.0,0.0,0.0,0.0,0.0,0.0,0.0,0.0,0.010387641
-0.0051663695,0.008775449,-0.2848911,-1.0863694,-0.11868888,-0.12610759,-0.30006927,-0.033979755,0.018820837,0.09498719,-0.30208558,0.0,0.0,0.0,0.0,0.0,0.0,0.0,0.0,0.0,0.0,0.0006046276
0.0069688023,0.045037508,-0.023230473,-0.26572612,0.03881666,0.10163601,0.20796299,0.07127285,0.023954809,-0.061670337,0.018737068,0.0,0.0,0.0,0.0,0.0,0.0,0.0,0.0,0.0,0.0,0.002017185
-0.0031762356,0.09291187,0.05069482,0.136614,-0.013121408,0.053054,0.077427454,-0.042393643,0.028770799,0.06502015,0.03842454,0.0,0.0,0.0,0.0,0.0,0.0,0.0,0.0,0.0,0.0,-0.00065643823
-0.0011642592,0.07691146,0.3109836,0.7123962,-0.042769942,0.14326537,0.15493393,-0.06574368,0.0816482,0.0620009,0.048384324,0.0,0.0,0.0,0.0,0.0,0.0,0.0,0.0,0.0,0.0,-0.0006715811
-0.0016654808,0.22312242,-0.092538685,-0.077501565,0.05071821,0.038880337,0.14415002,-0.0105538955,0.057695217,0.065075286,0.042617083,0.0,0.0,0.0,0.0,0.0,0.0,0.0,0.0,0.0,0.0,-0.00048443477
0.0009766438,0.04911699,-0.016759839,-0.10612063,-0.007034266,-0.012328539,0.026364105,-0.026281344,0.010161657,-0.10705931,0.034070574,0.0,0.0,0.0,0.0,0.0,0.0,0.0,0.0,0.0,0.0,0.0019653193
-0.005092946,-0.057941478,-0.076734915,-0.1829021,-0.011637893,-0.053925987,-0.06856924,-0.025914446,0.01607192,-0.14046851,-0.010140866,0.0,0.0,0.0,0.0,0.0,0.0,0.0,0.0,0.0,0.0,-0.00010890777
-0.004862627,0.059362143,0.037072863,-0.042967748,0.0048993547,-0.075478174,0.05180785,0.05938561,-0.0052735214,0.062490936,0.040887073,0.0,0.0,0.0,0.0,0.0,0.0,0.0,0.0,0.0,0.0,-0.0005932801
-0.0047751497,0.040643506,0.02582051,-0.12349972,0.23290811,0.041890103,0.07881712,0.0068793003,0.08689822,0.146135,0.04570895,0.0,0.0,0.0,0.0,0.0,0.0,0.0,0.0,0.0,0.0,-0.0007594204
0.022172531,0.030666979,0.04180869,0.12255079,-0.020705875,-0.002796411,-0.004872668,-0.057082716,0.007646666,0.10772704,0.019697852,0.0,0.0,0.0,0.0,0.0,0.0,0.0,0.0,0.0,0.0,0.0014620579
-0.0017438917,0.06916447,-0.033587996,-0.21387784,0.102756344,0.014843565,0.16285518,0.037616353,0.03419498,0.06582158,0.075923614,0.0,0.0,0.0,0.0,0.0,0.0,0.0,0.0,0.0,0.0,-0.0004707252
-0.0017330498,0.02914492,-0.12128761,-0.45555988,0.04956469,-0.1436075,-0.06439195,0.028276557,-0.015092498,-0.07717432,-0.008400277,0.0,0.0,0.0,0.0,0.0,0.0,0.0,0.0,0.0,0.0,-0.0019073546
-0.00452816,-0.080857664,-0.08553584,0.1750545,0.013775271,-0.050069977,0.0034012087,0.11801198,-0.043362506,0.00078252004,0.25729555,0.0,0.0,0.0,0.0,0.0,0.0,0.0,0.0,0.0,0.0,-0.0006758079
-0.003465861,0.041867916,0.17141184,0.44925454,-0.1368005,0.037134916,0.110087015,0.13330221,0.034251913,0.036571138,0.06006058,0.0,0.0,0.0,0.0,0.0,0.0,0.0,0.0,0.0,0.0,-0.0006946836
0.01199747,0.045669388,-0.084261745,-0.09908011,-0.024889877,-0.037716847,0.043383416,-0.03683867,0.03648854,0.017029122,-0.11376408,0.0,0.0,0.0,0.0,0.0,0.0,0.0,0.0,0.0,0.0,0.007803022
-0.004493231,0.0039025052,-0.04998668,0.23521794,0.007970826,0.06665817,-0.097444005,-0.085030876,-0.0149116805,0.015262348,-0.011281339,0.0,0.0,0.0,0.0,0.0,0.0,0.0,0.0,0.0,0.0,-0.00045558455
0.0014294849,0.36022514,-0.021964954,0.48250464,-0.04894606,-0.06368284,0.0937888,0.09864003,0.015873082,0.07810593,0.014209528,0.0,0.0,0.0,0.0,0.0,0.0,0.0,0.0,0.0,0.0,-0.00046698053
0.01433263,-0.041808836,-0.031874306,-0.2893502,0.015929786,-0.021874124,0.05971777,-0.04002357,0.017642396,0.14695992,0.016462225,0.0,0.0,0.0,0.0,0.0,0.0,0.0,0.0,0.0,0.0,0.011310628
0.017189734,-0.0726692,0.021863867,0.52856773,0.042199112,0.08743887,0.06195084,-0.079104364,0.03764169,-0.049076088,-0.006131834,0.0,0.0,0.0,0.0,0.0,0.0,0.0,0.0,0.0,0.0,0.0037851857
0.02094446,0.0030139536,-0.010852291,0.12992072,0.06050363,0.025319459,0.021997062,-0.058970556,0.0236811,-0.03292124,0.011743834,0.0,0.0,0.0,0.0,0.0,0.0,0.0,0.0,0.0,0.0,0.013872592
-0.0060583353,-0.07026399,0.015686233,-0.41859692,0.11575711,0.12134536,-0.014525086,0.0056736353,0.07515566,-0.070199125,0.17734976,0.0,0.0,0.0,0.0,0.0,0.0,0.0,0.0,0.0,0.0,-0.0006198383
-0.0019729831,-0.022557858,-0.0034535823,-0.2826812,-0.015753487,-0.05231085,-0.0015168072,0.018023761,0.00039887053,0.07081331,-0.117967926,0.0,0.0,0.0,0.0,0.0,0.0,0.0,0.0,0.0,0.0,-0.0005045993
-0.0010830244,-0.010732109,0.13287842,0.11035251,0.05356692,0.109597236,-0.11410278,0.06669287,-0.008764052,0.034751374,0.004374483,0.0,0.0,0.0,0.0,0.0,0.0,0.0,0.0,0.0,0.0,0.0010170983
-0.006174748,-0.0036416142,0.4297902,0.5329027,0.08693159,0.39509302,0.031551402,0.094618976,-0.000987751,-0.03470351,0.1016346,0.0,0.0,0.0,0.0,0.0,0.0,0.0,0.0,0.0,0.0,-0.0006263339
0.0026230188,0.09437424,-0.3042451,0.13255052,-0.06597161,0.04463182,-0.0025035413,0.0053971624,-0.056250412,-0.059399303,0.024649575,0.0,0.0,0.0,0.0,0.0,0.0,0.0,0.0,0.0,0.0,-8.331318e-05
-0.0022490777,0.040939283,-0.04658604,-0.16892858,0.026370632,0.007013962,-0.040817104,-0.039749876,0.01176256,0.060905296,-0.06474671,0.0,0.0,0.0,0.0,0.0,0.0,0.0,0.0,0.0,0.0,-0.00030757085
-0.002607417,-0.011675242,-0.029442249,-0.47160125,0.014740618,-0.082637556,-0.14418522,-0.032602012,-0.0272944,0.087766066,-0.051743947,0.0,0.0,0.0,0.0,0.0,0.0,0.0,0.0,0.0,0.0,-0.0021614286
-0.002080401,-0.026373738,0.009442617,-0.10514221,0.02112456,-0.07501272,-0.08440262,-0.03533588,0.01612349,-0.122396946,-0.041932456,0.0,0.0,0.0,0.0,0.0,0.0,0.0,0.0,0.0,0.0,-0.0016828076
-0.0025948626,0.007514241,-0.3914534,-0.5043581,0.06142465,-0.008777949,0.07683576,-0.06647574,0.01197053,0.0015940263,-0.15721722,0.0,0.0,0.0,0.0,0.0,0.0,0.0,0.0,0.0,0.0,7.68437e-05
0.005566137,0.047139093,-0.2598968,-0.15433373,0.004872787,-0.09808234,-0.006113255,-0.07799851,0.017112602,0.014065051,0.21024688,0.0,0.0,0.0,0.0,0.0,0.0,0.0,0.0,0.0,0.0,0.0002083478
0.0056418194,0.07449835,-0.027523652,-0.29302245,-0.0040925927,0.009827589,0.0012116168,-0.02058153,-0.008959377,-0.08592498,0.04735465,0.0,0.0,0.0,0.0,0.0,0.0,0.0,0.0,0.0,0.0,0.0009158515
-0.0026604903,-0.04324885,-0.13497083,-1.0858791,0.07491546,-0.23544948,-0.40555477,0.00694692,0.028795354,0.103569224,-0.31646714,0.0,0.0,0.0,0.0,0.0,0.0,0.0,0.0,0.0,0.0,-0.00056489144
-0.0016776382,-0.11031393,0.053575087,-0.48869845,-0.018376354,0.024392473,-0.07831846,-0.022738855,-0.09061837,-0.08583188,-0.06570741,0.0,0.0,0.0,0.0,0.0,0.0,0.0,0.0,0.0,0.0,-0.000103280225
-0.016253443,0.092873126,0.15372819,0.7661309,-0.018051503,0.12857229,0.082595706,0.06496418,0.054973636,0.22751254,0.010897984,0.0,0.0,0.0,0.0,0.0,0.0,0.0,0.0,0.0,0.0,-0.009666713
0.013006698,-0.08531752,-0.35898873,-0.14260046,-0.14078635,0.010233694,0.050796404,-0.028052684,0.0049933605,-0.0642774,-0.0007096583,0.0,0.0,0.0,0.0,0.0,0.0,0.0,0.0,0.0,0.0,0.009628323
-0.003440572,-0.027037118,0.08722951,-0.15581785,-0.038166404,-0.02708718,-0.07700027,-0.0030247709,-0.010860343,-0.06290656,-0.017209882,0.0,0.0,0.0,0.0,0.0,0.0,0.0,0.0,0.0,0.0,-0.0006066864
-0.002180905,-0.017445298,-0.059779655,-0.29500127,0.024098441,-0.08602438,0.019336713,-0.06300699,0.010474639,-0.09640373,-0.06551433,0.0,0.0,0.0,0.0,0.0,0.0,0.0,0.0,0.0,0.0,-0.0016526892
0.015367087,-0.046172623,-0.36314717,-0.36077315,0.0089380955,0.04328733,-0.05324437,0.105520085,-0.08358787,-0.044309802,0.40060917,0.0,0.0,0.0,0.0,0.0,0.0,0.0,0.0,0.0,0.0,0.0014379097
0.0007542565,0.04276827,0.2437284,-0.22350504,0.11787926,0.014497455,0.103675894,0.014462283,-0.05521239,-0.119600445,0.021546865,0.0,0.0,0.0,0.0,0.0,0.0,0.0,0.0,0.0,0.0,0.0020411434
-0.003678945,-0.04004609,0.09174322,0.41924703,-0.020703208,0.078170635,-0.012574966,0.019456334,0.035267938,-0.038391277,-0.026882716,0.0,0.0,0.0,0.0,0.0,0.0,0.0,0.0,0.0,0.0,-0.0008036607
-0.0043837717,0.061844,-0.16670951,-0.5067022,-0.17072743,-0.037798237,-0.14940102,0.05093535,0.055129055,-0.08538224,-0.012784862,0.0,0.0,0.0,0.0,0.0,0.0,0.0,0.0,0.0,0.0,-0.0013669459
-0.0007589938,0.036713816,-0.067118794,0.010046919,0.05437318,0.016278258,0.036433753,-0.05873963,0.011369844,0.004556567,0.026024802,0.0,0.0,0.0,0.0,0.0,0.0,0.0,0.0,0.0,0.0,-0.00058420753
-0.0047235526,-0.02455958,-0.05715875,-0.3960225,-0.11633855,-0.07820665,0.1707176,-0.068715475,-0.02441179,-0.089581944,-0.042324487,0.0,0.0,0.0,0.0,0.0,0.0,0.0,0.0,0.0,0.0,-0.0004204656
0.0009070009,-0.12869985,0.13951218,-0.35788134,0.053641077,0.07316787,-0.11561266,0.06191484,0.015203643,-0.08413369,-0.004555475,0.0,0.0,0.0,0.0,0.0,0.0,0.0,0.0,0.0,0.0,-0.00033565375
-0.0016767869,0.013424357,0.106713034,-0.07553852,0.0822728,-0.09226587,0.06855701,-0.035757765,-0.031419225,0.056200255,-0.051861327,0.0,0.0,0.0,0.0,0.0,0.0,0.0,0.0,0.0,0.0,-0.00039237697
0.0044409516,0.15601069,0.044261508,0.4389055,0.04746262,-0.021619836,0.13696074,0.15302905,-0.00914981,0.024324976,-0.11790359,0.0,0.0,0.0,0.0,0.0,0.0,0.0,0.0,0.0,0.0,-0.002097156
-0.0039971126,-0.009434553,-0.08081157,-0.32656747,-0.03184919,-0.097452655,0.042382155,0.038460746,0.030815912,0.017841548,0.24184315,0.0,0.0,0.0,0.0,0.0,0.0,0.0,0.0,0.0,0.0,-0.0018902309
-0.0012850631,0.059268806,-0.007304167,-0.28534982,0.0072687455,-0.030621307,-0.021980047,-0.086759016,0.014073274,-0.090718634,-0.059544113,0.0,0.0,0.0,0.0,0.0,0.0,0.0,0.0,0.0,0.0,-0.0017272938
0.013409427,0.077180244,-0.1373517,-0.11726594,0.03521545,-0.03058189,0.04396241,-0.046895064,0.06408207,0.028394083,-0.06424253,0.0,0.0,0.0,0.0,0.0,0.0,0.0,0.0,0.0,0.0,0.006328314
-0.0018543258,-0.030692413,0.017924976,0.21606138,0.068932965,0.07254356,-0.06815601,0.18531369,0.003848594,0.06959772,-0.024447838,0.0,0.0,0.0,0.0,0.0,0.0,0.0,0.0,0.0,0.0,-0.00064879406
